-- -------------------------------------------------------------
-- TablePlus 3.11.0(352)
--
-- https://tableplus.com/
--
-- Database: school_bus
-- Generation Time: 2021-05-19 12:24:06.3460
-- -------------------------------------------------------------


/*!40101 SET @OLD_CHARACTER_SET_CLIENT=@@CHARACTER_SET_CLIENT */;
/*!40101 SET @OLD_CHARACTER_SET_RESULTS=@@CHARACTER_SET_RESULTS */;
/*!40101 SET @OLD_COLLATION_CONNECTION=@@COLLATION_CONNECTION */;
/*!40101 SET NAMES utf8mb4 */;
/*!40014 SET @OLD_UNIQUE_CHECKS=@@UNIQUE_CHECKS, UNIQUE_CHECKS=0 */;
/*!40014 SET @OLD_FOREIGN_KEY_CHECKS=@@FOREIGN_KEY_CHECKS, FOREIGN_KEY_CHECKS=0 */;
/*!40101 SET @OLD_SQL_MODE=@@SQL_MODE, SQL_MODE='NO_AUTO_VALUE_ON_ZERO' */;
/*!40111 SET @OLD_SQL_NOTES=@@SQL_NOTES, SQL_NOTES=0 */;


DROP TABLE IF EXISTS `sb_bus`;
CREATE TABLE `sb_bus` (
  `uuid` bigint(11) NOT NULL AUTO_INCREMENT COMMENT '主键编号',
  `limit_number` varchar(10) NOT NULL DEFAULT '' COMMENT '限制人数',
  `driver_name` varchar(50) NOT NULL DEFAULT '' COMMENT '司机姓名',
  `driver_phone` varchar(50) NOT NULL DEFAULT '' COMMENT '司机电话',
  `seats_number` varchar(50) NOT NULL DEFAULT '' COMMENT '座位排列：json文件',
  `begin_time` datetime NOT NULL COMMENT '创建时间',
  `update_time` timestamp NULL DEFAULT CURRENT_TIMESTAMP ON UPDATE CURRENT_TIMESTAMP COMMENT '修改时间',
  `updated_at` timestamp NULL DEFAULT NULL,
  `deleted_at` timestamp NULL DEFAULT NULL,
  `created_at` timestamp NULL DEFAULT NULL,
  PRIMARY KEY (`uuid`) USING BTREE
) ENGINE=InnoDB AUTO_INCREMENT=828017250127577089 DEFAULT CHARSET=utf8 ROW_FORMAT=COMPACT COMMENT='班车表';

DROP TABLE IF EXISTS `sb_count`;
CREATE TABLE `sb_count` (
  `uuid` bigint(50) NOT NULL COMMENT '主键编号',
  `bus_id` bigint(11) NOT NULL COMMENT '班车id',
  `begin_time` varchar(50) NOT NULL DEFAULT '' COMMENT '开始时间',
  `end_time` varchar(50) NOT NULL DEFAULT '' COMMENT '结束时间',
  `bus_status` varchar(50) NOT NULL DEFAULT '' COMMENT '0：沙河；1：清水河；2：沙河到清水河；3：清水河到沙河',
  `price` double NOT NULL COMMENT '价格',
  `selected_seats` varchar(50) NOT NULL DEFAULT '' COMMENT '已选座位',
  `seat_status` varchar(50) NOT NULL DEFAULT '' COMMENT '0:未满；1:已满',
  `begin_date` varchar(100) CHARACTER SET utf8mb4 NOT NULL COMMENT 'mm-dd格式',
  `updated_at` timestamp NULL DEFAULT NULL,
  `deleted_at` timestamp NULL DEFAULT NULL,
  `created_at` timestamp NULL DEFAULT NULL,
  PRIMARY KEY (`uuid`) USING BTREE,
  UNIQUE KEY `uuid` (`uuid`) USING BTREE
) ENGINE=InnoDB DEFAULT CHARSET=utf8 ROW_FORMAT=COMPACT COMMENT='场次表';

DROP TABLE IF EXISTS `sb_order`;
CREATE TABLE `sb_order` (
  `uuid` bigint(20) NOT NULL COMMENT '主键编号',
  `count_id` bigint(20) NOT NULL COMMENT '场次id',
  `bus_status` varchar(50) NOT NULL DEFAULT '' COMMENT '0:沙河->清水河；1:清水河->沙河',
  `seats_ids` varchar(50) NOT NULL DEFAULT '' COMMENT '已售座位编号',
  `count_price` double NOT NULL COMMENT '场次预售价格',
  `order_price` double NOT NULL COMMENT '订单总金额',
  `order_time` timestamp NULL DEFAULT CURRENT_TIMESTAMP COMMENT '修改时间',
  `user_id` bigint(11) NOT NULL COMMENT '下单人id',
  `order_status` varchar(50) NOT NULL DEFAULT '' COMMENT '0-待支付,1-已支付,2-已关闭',
  `evaluate_status` varchar(50) NOT NULL DEFAULT '' COMMENT '0:未评价；1:已评价',
  `comment` varchar(255) NOT NULL DEFAULT '' COMMENT '评论',
  `order_user` varchar(100) CHARACTER SET utf8mb4 NOT NULL COMMENT '下单人',
  `updated_at` timestamp NULL DEFAULT NULL,
  `created_at` timestamp NULL DEFAULT NULL,
  `test_time` timestamp NULL DEFAULT NULL,
  PRIMARY KEY (`uuid`) USING BTREE
) ENGINE=InnoDB DEFAULT CHARSET=utf8 ROW_FORMAT=COMPACT COMMENT='订单表';

DROP TABLE IF EXISTS `sb_user`;
CREATE TABLE `sb_user` (
  `uuid` bigint(11) NOT NULL AUTO_INCREMENT COMMENT '主键编号',
  `user_name` varchar(50) NOT NULL DEFAULT '' COMMENT '用户账号',
  `user_pwd` varchar(255) NOT NULL DEFAULT '' COMMENT '用户密码',
  `nick_name` varchar(50) NOT NULL DEFAULT '' COMMENT '用户昵称',
  `user_sex` int(11) DEFAULT NULL COMMENT '用户性别 0-男，1-女',
  `email` varchar(50) NOT NULL DEFAULT '' COMMENT '用户邮箱',
  `user_phone` varchar(50) NOT NULL DEFAULT '' COMMENT '用户手机号',
  `begin_time` datetime NOT NULL COMMENT '创建时间',
  `update_time` timestamp NOT NULL DEFAULT CURRENT_TIMESTAMP ON UPDATE CURRENT_TIMESTAMP COMMENT '修改时间',
  `money` double NOT NULL COMMENT '用户余额',
  `pay_password` varchar(100) CHARACTER SET utf8mb4 NOT NULL COMMENT '支付密码',
  `created_at` datetime DEFAULT NULL,
  `updated_at` datetime DEFAULT NULL,
  `deleted_at` datetime DEFAULT NULL,
  PRIMARY KEY (`uuid`) USING BTREE,
  UNIQUE KEY `user_name` (`user_name`) USING BTREE
) ENGINE=InnoDB AUTO_INCREMENT=1364578748174774275 DEFAULT CHARSET=utf8 ROW_FORMAT=COMPACT COMMENT='用户表';

INSERT INTO `sb_bus` (`uuid`, `limit_number`, `driver_name`, `driver_phone`, `seats_number`, `begin_time`, `update_time`, `updated_at`, `deleted_at`, `created_at`) VALUES
('1', '20', '买', '135', '/file/seat.json', '2020-10-09 07:26:23', '2020-10-09 19:26:23', NULL, NULL, NULL),
('2', '20', '赵', '135', '/file/seat.json', '2020-10-09 07:26:23', '2020-10-09 19:26:23', NULL, NULL, NULL),
('3', '20', '李', '135', '/file/seat.json', '2020-10-09 07:26:23', '2020-10-09 19:26:23', NULL, NULL, NULL),
('4', '20', '王', '135', '/file/seat.json', '2020-10-09 07:26:23', '2020-10-09 19:26:23', NULL, NULL, NULL),
('5', '20', '牛', '135', '/file/seat.json', '2020-10-09 07:26:23', '2020-10-09 19:26:23', NULL, NULL, NULL),
('6', '20', '马', '135', '/file/seat.json', '2020-10-09 07:26:23', '2020-10-09 19:26:23', NULL, NULL, NULL),
('7', '20', '狗', '135', '/file/seat.json', '2020-10-09 07:26:23', '2020-10-09 19:26:23', NULL, NULL, NULL),
('8', '20', '王', '135', '/file/seat.json', '2020-10-09 07:26:23', '2020-10-09 19:26:23', NULL, NULL, NULL),
('827674640758341632', '40', '老司机', '123', '/file.json', '0000-00-00 00:00:00', '2021-04-02 22:43:32', '2021-04-02 22:43:32', NULL, '2021-04-02 22:43:32'),
('828017250127577088', '', '', '', '', '0000-00-00 00:00:00', '2021-04-03 21:24:56', '2021-04-03 21:24:56', NULL, '2021-04-03 21:24:56');

INSERT INTO `sb_count` (`uuid`, `bus_id`, `begin_time`, `end_time`, `bus_status`, `price`, `selected_seats`, `seat_status`, `begin_date`, `updated_at`, `deleted_at`, `created_at`) VALUES
('1', '1', '08:00', '09:00', '1', '4', '', '0', '2020-03-09', NULL, NULL, NULL),
('2', '2', '08:30', '09:30', '1', '4', '', '0', '2020-03-16', NULL, NULL, NULL),
('3', '3', '09:00', '10:00', '1', '4', '', '0', '2020-03-09', NULL, NULL, NULL),
('4', '4', '09:30', '10:30', '1', '4', '', '0', '2020-03-09', NULL, NULL, NULL),
('5', '1', '09:30', '10:30', '0', '4', '', '0', '2020-03-09', NULL, NULL, NULL),
('6', '2', '10:00', '11:00', '0', '4', '', '0', '2020-03-09', NULL, NULL, NULL),
('7', '5', '08:00', '09:00', '0', '4', '', '0', '2020-03-09', NULL, NULL, NULL),
('8', '6', '09:30', '10:30', '0', '4', '', '0', '2020-03-09', NULL, NULL, NULL),
('9', '3', '14:00', '15:00', '0', '4', '', '0', '2020-03-09', NULL, NULL, NULL),
('10', '4', '15:30', '16:30', '0', '4', '', '0', '2020-03-09', NULL, NULL, NULL),
('11', '7', '17:00', '18:00', '0', '4', '', '0', '2020-03-09', NULL, NULL, NULL),
('12', '5', '14:00', '15:00', '1', '4', '', '0', '2020-03-09', NULL, NULL, NULL),
('13', '6', '15:30', '16:30', '1', '4', '', '0', '2020-03-09', NULL, NULL, NULL),
('14', '8', '17:00', '18:00', '1', '4', '', '0', '2020-03-09', NULL, NULL, NULL),
('15', '7', '20:00', '21:00', '1', '4', '', '0', '2020-03-09', NULL, NULL, NULL),
('16', '8', '20:00', '21:00', '0', '4', '', '0', '2020-03-09', NULL, NULL, NULL),
('17', '8', '24:00', '24:30', '0', '4', '', '0', '2020-03-09', NULL, NULL, NULL),
('86', '1', '08:00', '09:00', '1', '4', '', '0', '2020-03-20', NULL, NULL, NULL),
('87', '2', '08:30', '09:30', '1', '4', '', '0', '2020-03-20', NULL, NULL, NULL),
('88', '3', '09:00', '10:00', '1', '4', '', '0', '2020-03-20', NULL, NULL, NULL),
('89', '4', '09:30', '10:30', '1', '4', '', '0', '2020-03-20', NULL, NULL, NULL),
('90', '1', '09:30', '10:30', '0', '4', '', '0', '2020-03-20', NULL, NULL, NULL),
('91', '2', '10:00', '11:00', '0', '4', '', '0', '2020-03-20', NULL, NULL, NULL),
('92', '5', '08:00', '09:00', '0', '4', '', '0', '2020-03-20', NULL, NULL, NULL),
('93', '6', '09:30', '10:30', '0', '4', '', '0', '2020-03-20', NULL, NULL, NULL),
('94', '3', '14:00', '15:00', '0', '4', '', '0', '2020-03-20', NULL, NULL, NULL),
('95', '4', '15:30', '16:30', '0', '4', '', '0', '2020-03-20', NULL, NULL, NULL),
('96', '7', '17:00', '18:00', '0', '4', '', '0', '2020-03-20', NULL, NULL, NULL),
('97', '5', '14:00', '15:00', '1', '4', '', '0', '2020-03-20', NULL, NULL, NULL),
('98', '6', '15:30', '16:30', '1', '4', '', '0', '2020-03-20', NULL, NULL, NULL),
('99', '8', '17:00', '18:00', '1', '4', '', '0', '2020-03-20', NULL, NULL, NULL),
('100', '7', '20:00', '21:00', '1', '4', '', '0', '2020-03-20', NULL, NULL, NULL),
('101', '8', '20:00', '21:00', '1', '4', '', '0', '2020-11-14', NULL, NULL, NULL),
('102', '8', '24:00', '24:30', '0', '4', '', '0', '2020-11-14', NULL, NULL, NULL),
('111', '4', '16:45', '16:50', '0', '4', '', '0', '2021-02-23', NULL, NULL, NULL),
('222', '4', '15:44', '15:59', '1', '4', '', '0', '2021-02-23', NULL, NULL, NULL),
('333', '4', '16:47', '16:55', '0', '4', '', '0', '2021-02-23', NULL, NULL, NULL),
('555', '8', '20:00', '21:00', '1', '4', '', '0', '2021-02-23', NULL, NULL, NULL),
('666', '4', '24:00', '24:30', '0', '4', '', '0', '2021-02-23', NULL, NULL, NULL),
('1111', '5', '08:00', '09:00', '1', '4', '', '0', '2021-02-24', NULL, NULL, NULL),
('8888', '7', '17:00', '18:00', '1', '4', '', '0', '2021-02-24', NULL, NULL, NULL),
('77777', '3', '14:00', '15:00', '1', '4', '', '0', '2021-02-24', NULL, NULL, NULL),
('99999', '1', '08:00', '09:00', '0', '4', '', '0', '2021-02-24', NULL, NULL, NULL),
('106100', '3', '09:00', '10:00', '1', '4', '', '0', '2021-03-04', NULL, NULL, NULL),
('112666', '4', '15:30', '16:30', '1', '4', '', '0', '2021-03-01', NULL, NULL, NULL),
('114764', '4', '15:30', '16:30', '1', '4', '', '0', '2021-02-28', NULL, NULL, NULL),
('116561', '7', '17:00', '18:00', '2', '4', '', '0', '2021-04-02', NULL, NULL, NULL),
('143418', '6', '09:30', '10:30', '0', '4', '', '0', '2021-03-01', NULL, NULL, NULL),
('153795', '6', '09:30', '10:30', '1', '4', '', '0', '2021-02-28', NULL, NULL, NULL),
('154572', '6', '15:30', '16:30', '1', '4', '', '0', '2021-02-28', NULL, NULL, NULL),
('166917', '8', '20:00', '21:00', '1', '4', '', '0', '2021-04-02', NULL, NULL, NULL),
('167087', '5', '08:00', '09:00', '0', '4', '', '0', '2021-02-28', NULL, NULL, NULL),
('170728', '5', '14:00', '15:00', '0', '4', '', '0', '2021-03-04', NULL, NULL, NULL),
('172233', '7', '20:00', '21:00', '0', '4', '', '0', '2021-03-03', NULL, NULL, NULL),
('176549', '5', '14:00', '15:00', '1', '4', '', '0', '2021-04-03', NULL, NULL, NULL),
('177996', '2', '08:30', '09:30', '1', '4', '', '0', '2021-04-02', NULL, NULL, NULL),
('179966', '5', '14:00', '15:00', '0', '4', '', '0', '2021-03-01', NULL, NULL, NULL),
('182053', '3', '14:00', '15:00', '1', '4', '', '0', '2021-03-02', NULL, NULL, NULL),
('185154', '8', '17:00', '18:00', '0', '4', '', '0', '2021-03-01', NULL, NULL, NULL),
('204269', '2', '08:30', '09:30', '1', '4', '', '0', '2021-02-26', NULL, NULL, NULL),
('206337', '8', '24:00', '24:30', '0', '4', '', '0', '2021-04-05', NULL, NULL, NULL),
('209886', '1', '09:30', '10:30', '0', '4', '', '0', '2021-04-03', NULL, NULL, NULL),
('231430', '7', '20:00', '21:00', '0', '4', '', '0', '2021-02-26', NULL, NULL, NULL),
('239858', '4', '15:30', '16:30', '1', '4', '', '0', '2021-04-04', NULL, NULL, NULL),
('240662', '2', '10:00', '11:00', '1', '4', '', '0', '2021-02-27', NULL, NULL, NULL),
('242768', '8', '24:00', '24:30', '0', '4', '11,7,3,2', '0', '2021-03-03', NULL, NULL, NULL),
('247062', '6', '15:30', '16:30', '0', '4', '', '0', '2021-03-04', NULL, NULL, NULL),
('248147', '3', '14:00', '15:00', '1', '4', '', '0', '2021-03-04', NULL, NULL, NULL),
('248495', '5', '14:00', '15:00', '0', '4', '', '0', '2021-03-03', NULL, NULL, NULL),
('251021', '8', '24:00', '24:30', '0', '4', '1,2,3,4,5', '0', '2021-02-26', NULL, NULL, NULL),
('251443', '1', '09:30', '10:30', '0', '4', '', '0', '2021-03-03', NULL, NULL, NULL),
('253862', '3', '14:00', '15:00', '1', '4', '', '0', '2021-02-26', NULL, NULL, NULL),
('264068', '8', '24:00', '24:30', '0', '4', '', '0', '2021-04-04', NULL, NULL, NULL),
('272072', '7', '17:00', '18:00', '0', '4', '1,2', '0', '2021-02-26', NULL, NULL, NULL),
('273543', '7', '17:00', '18:00', '1', '4', '', '0', '2021-03-03', NULL, NULL, NULL),
('282814', '1', '08:00', '09:00', '1', '4', '', '0', '2021-04-02', NULL, NULL, NULL),
('285899', '1', '08:00', '09:00', '1', '4', '', '0', '2021-02-26', NULL, NULL, NULL),
('294984', '6', '15:30', '16:30', '0', '4', '', '0', '2021-03-02', NULL, NULL, NULL),
('303371', '2', '08:30', '09:30', '1', '4', '', '0', '2021-04-03', NULL, NULL, NULL),
('307506', '2', '10:00', '11:00', '0', '4', '', '0', '2021-02-28', NULL, NULL, NULL),
('308607', '4', '09:30', '10:30', '1', '4', '', '0', '2021-03-02', NULL, NULL, NULL),
('311616', '3', '09:00', '10:00', '1', '4', '', '0', '2021-02-27', NULL, NULL, NULL),
('313802', '1', '09:30', '10:30', '0', '4', '', '0', '2021-03-04', NULL, NULL, NULL),
('315348', '6', '15:30', '16:30', '0', '4', '', '0', '2021-04-04', NULL, NULL, NULL),
('318860', '7', '17:00', '18:00', '1', '4', '', '0', '2021-03-04', NULL, NULL, NULL),
('321745', '6', '09:30', '10:30', '0', '4', '', '0', '2021-03-02', NULL, NULL, NULL),
('330112', '7', '17:00', '18:00', '1', '4', '', '0', '2021-03-01', NULL, NULL, NULL),
('334482', '8', '20:00', '21:00', '1', '4', '', '0', '2021-02-28', NULL, NULL, NULL),
('339912', '2', '08:30', '09:30', '1', '4', '', '0', '2021-03-03', NULL, NULL, NULL),
('345640', '5', '14:00', '15:00', '0', '4', '', '0', '2021-02-28', NULL, NULL, NULL),
('349015', '4', '09:30', '10:30', '1', '4', '', '0', '2021-02-26', NULL, NULL, NULL),
('352207', '2', '10:00', '11:00', '0', '4', '', '0', '2021-03-04', NULL, NULL, NULL),
('353930', '6', '15:30', '16:30', '0', '4', '', '0', '2021-04-03', NULL, NULL, NULL),
('357036', '6', '09:30', '10:30', '0', '4', '', '0', '2021-03-04', NULL, NULL, NULL),
('357937', '4', '09:30', '10:30', '1', '4', '', '0', '2021-03-01', NULL, NULL, NULL),
('359741', '3', '09:00', '10:00', '1', '4', '', '0', '2021-02-26', NULL, NULL, NULL),
('361090', '8', '24:00', '24:30', '0', '4', '', '0', '2021-02-28', NULL, NULL, NULL),
('361774', '6', '15:30', '16:30', '0', '4', '', '0', '2021-03-01', NULL, NULL, NULL),
('373518', '1', '08:00', '09:00', '1', '4', '', '0', '2021-04-04', NULL, NULL, NULL),
('375581', '4', '15:30', '16:30', '1', '4', '', '0', '2021-03-04', NULL, NULL, NULL),
('383024', '3', '14:00', '15:00', '1', '4', '', '0', '2021-02-28', NULL, NULL, NULL),
('388236', '6', '09:30', '10:30', '0', '4', '', '0', '2021-04-03', NULL, NULL, NULL),
('390531', '8', '24:00', '24:30', '0', '4', '', '0', '2021-03-04', NULL, NULL, NULL),
('391292', '3', '09:00', '10:00', '1', '4', '', '0', '2021-03-03', NULL, NULL, NULL),
('398627', '4', '15:30', '16:30', '1', '4', '', '0', '2021-03-03', NULL, NULL, NULL),
('408989', '5', '08:00', '09:00', '0', '4', '', '0', '2021-03-03', NULL, NULL, NULL),
('410372', '5', '08:00', '09:00', '0', '4', '', '0', '2021-02-27', NULL, NULL, NULL),
('410576', '7', '20:00', '21:00', '0', '4', '', '0', '2021-02-28', NULL, NULL, NULL),
('413274', '6', '09:30', '10:30', '1', '4', '', '0', '2021-02-27', NULL, NULL, NULL),
('413953', '7', '20:00', '21:00', '0', '4', '', '0', '2021-02-27', NULL, NULL, NULL),
('420286', '4', '09:30', '10:30', '1', '4', '', '0', '2021-04-03', NULL, NULL, NULL),
('426614', '3', '09:00', '10:00', '1', '4', '', '0', '2021-03-02', NULL, NULL, NULL),
('440675', '8', '24:00', '24:30', '0', '4', '', '0', '2021-03-02', NULL, NULL, NULL),
('444069', '8', '24:00', '24:30', '0', '4', '', '0', '2021-02-28', NULL, NULL, NULL),
('445474', '8', '20:00', '21:00', '1', '4', '', '0', '2021-02-27', NULL, NULL, NULL),
('445883', '1', '09:30', '10:30', '0', '4', '', '0', '2021-04-04', NULL, NULL, NULL),
('457131', '8', '20:00', '21:00', '1', '4', '', '0', '2021-03-03', NULL, NULL, NULL),
('464508', '6', '09:30', '10:30', '0', '4', '', '0', '2021-04-02', NULL, NULL, NULL),
('464617', '8', '17:00', '18:00', '0', '4', '', '0', '2021-03-04', NULL, NULL, NULL),
('464639', '5', '08:00', '09:00', '0', '4', '', '0', '2021-04-02', NULL, NULL, NULL),
('469979', '8', '20:00', '21:00', '1', '4', '', '0', '2021-04-04', NULL, NULL, NULL),
('470269', '4', '15:30', '16:30', '1', '4', '', '0', '2021-04-02', NULL, NULL, NULL),
('471337', '3', '14:00', '15:00', '0', '4', '', '0', '2021-04-03', NULL, NULL, NULL),
('480579', '3', '09:00', '10:00', '1', '4', '', '0', '2021-02-28', NULL, NULL, NULL),
('484430', '8', '17:00', '18:00', '3', '4', '', '0', '2021-04-02', NULL, NULL, NULL),
('485999', '1', '09:30', '10:30', '1', '4', '', '0', '2021-02-28', NULL, NULL, NULL),
('488859', '2', '08:30', '09:30', '1', '4', '', '0', '2021-03-04', NULL, NULL, NULL),
('491326', '2', '10:00', '11:00', '0', '4', '', '0', '2021-04-02', NULL, NULL, NULL),
('493756', '8', '17:00', '18:00', '0', '4', '', '0', '2021-04-03', NULL, NULL, NULL),
('494958', '2', '10:00', '11:00', '0', '4', '', '0', '2021-03-03', NULL, NULL, NULL),
('495682', '5', '14:00', '15:00', '1', '4', '', '0', '2021-04-04', NULL, NULL, NULL),
('504312', '5', '08:00', '09:00', '0', '4', '', '0', '2021-04-04', NULL, NULL, NULL),
('507996', '7', '17:00', '18:00', '1', '4', '', '0', '2021-04-04', NULL, NULL, NULL),
('510707', '1', '08:00', '09:00', '1', '4', '', '0', '2021-03-01', NULL, NULL, NULL),
('526060', '8', '20:00', '21:00', '1', '4', '', '0', '2021-03-01', NULL, NULL, NULL),
('533702', '3', '14:00', '15:00', '1', '4', '', '0', '2021-02-27', NULL, NULL, NULL),
('541811', '2', '10:00', '11:00', '0', '4', '', '0', '2021-03-01', NULL, NULL, NULL),
('547053', '8', '17:00', '18:00', '0', '4', '', '0', '2021-02-28', NULL, NULL, NULL),
('549022', '4', '09:30', '10:30', '1', '4', '', '0', '2021-03-04', NULL, NULL, NULL),
('549531', '2', '08:30', '09:30', '1', '4', '', '0', '2021-04-04', NULL, NULL, NULL),
('556734', '5', '08:00', '09:00', '0', '4', '', '0', '2021-03-04', NULL, NULL, NULL),
('562138', '6', '09:30', '10:30', '0', '4', '', '0', '2021-02-26', NULL, NULL, NULL),
('567156', '3', '14:00', '15:00', '1', '4', '', '0', '2021-03-03', NULL, NULL, NULL),
('567420', '7', '17:00', '18:00', '1', '4', '', '0', '2021-03-02', NULL, NULL, NULL),
('571393', '6', '15:30', '16:30', '0', '4', '', '0', '2021-02-26', NULL, NULL, NULL),
('587158', '4', '15:30', '16:30', '1', '4', '', '0', '2021-04-03', NULL, NULL, NULL),
('591252', '1', '08:00', '09:00', '1', '4', '', '0', '2021-03-02', NULL, NULL, NULL),
('592755', '6', '15:30', '16:30', '0', '4', '', '0', '2021-02-27', NULL, NULL, NULL),
('594777', '2', '08:30', '09:30', '1', '4', '', '0', '2021-02-28', NULL, NULL, NULL),
('606413', '5', '08:00', '09:00', '0', '4', '', '0', '2021-03-01', NULL, NULL, NULL),
('614178', '2', '08:30', '09:30', '1', '4', '', '0', '2021-03-01', NULL, NULL, NULL),
('616635', '4', '09:30', '10:30', '1', '4', '', '0', '2021-04-02', NULL, NULL, NULL),
('624124', '8', '20:00', '21:00', '1', '4', '', '0', '2021-03-02', NULL, NULL, NULL),
('626886', '1', '09:30', '10:30', '0', '4', '', '0', '2021-02-26', NULL, NULL, NULL),
('637509', '7', '17:00', '18:00', '1', '4', '', '0', '2021-02-27', NULL, NULL, NULL),
('642821', '7', '20:00', '21:00', '0', '4', '', '0', '2021-03-02', NULL, NULL, NULL),
('645894', '3', '14:00', '15:00', '0', '4', '', '0', '2021-02-28', NULL, NULL, NULL),
('647814', '8', '17:00', '18:00', '0', '4', '', '0', '2021-03-02', NULL, NULL, NULL),
('649685', '5', '08:00', '09:00', '0', '4', '', '0', '2021-04-03', NULL, NULL, NULL),
('651490', '1', '08:00', '09:00', '1', '4', '', '0', '2021-03-03', NULL, NULL, NULL),
('654458', '3', '14:00', '15:00', '1', '4', '', '0', '2021-03-01', NULL, NULL, NULL),
('666666', '5', '14:00', '15:00', '0', '4', '', '0', '2021-02-24', NULL, NULL, NULL),
('668122', '4', '09:30', '10:30', '1', '4', '', '0', '2021-03-03', NULL, NULL, NULL),
('671142', '4', '09:30', '10:30', '1', '4', '', '0', '2021-02-28', NULL, NULL, NULL),
('681090', '4', '15:30', '16:30', '1', '4', '', '0', '2021-02-27', NULL, NULL, NULL),
('686175', '7', '20:00', '21:00', '0', '4', '', '0', '2021-04-04', NULL, NULL, NULL),
('695738', '2', '08:30', '09:30', '1', '4', '', '0', '2021-02-27', NULL, NULL, NULL),
('697264', '2', '10:00', '11:00', '0', '4', '', '0', '2021-02-26', NULL, NULL, NULL),
('706537', '2', '08:30', '09:30', '1', '4', '', '0', '2021-03-02', NULL, NULL, NULL),
('708644', '8', '20:00', '21:00', '0', '4', '', '0', '2021-02-28', NULL, NULL, NULL),
('712894', '1', '09:30', '10:30', '1', '4', '', '0', '2021-02-27', NULL, NULL, NULL),
('714342', '3', '09:00', '10:00', '1', '4', '', '0', '2021-04-02', NULL, NULL, NULL),
('715573', '1', '09:30', '10:30', '0', '4', '', '0', '2021-04-02', NULL, NULL, NULL),
('718449', '3', '09:00', '10:00', '1', '4', '', '0', '2021-04-03', NULL, NULL, NULL),
('720982', '4', '15:30', '16:30', '1', '4', '', '0', '2021-02-26', NULL, NULL, NULL),
('726618', '1', '08:00', '09:00', '1', '4', '', '0', '2021-02-28', NULL, NULL, NULL),
('727247', '6', '15:30', '16:30', '0', '4', '', '0', '2021-03-03', NULL, NULL, NULL),
('751093', '1', '09:30', '10:30', '0', '4', '', '0', '2021-03-02', NULL, NULL, NULL),
('752095', '4', '15:30', '16:30', '0', '4', '', '0', '2021-02-28', NULL, NULL, NULL),
('768290', '4', '09:30', '10:30', '1', '4', '', '0', '2021-04-04', NULL, NULL, NULL),
('768336', '4', '09:30', '10:30', '0', '4', '', '0', '2021-02-28', NULL, NULL, NULL),
('769935', '3', '14:00', '15:00', '0', '4', '', '0', '2021-04-02', NULL, NULL, NULL),
('777019', '2', '08:30', '09:30', '1', '4', '', '0', '2021-02-28', NULL, NULL, NULL),
('777778', '8', '24:00', '24:30', '0', '4', '3,4,2,1,7,6,8,10,16,13,14,19,20,15,12,11,5,9,18,17', '0', '2021-02-24', NULL, NULL, NULL),
('796512', '3', '09:00', '10:00', '1', '4', '', '0', '2021-02-28', NULL, NULL, NULL),
('799781', '7', '20:00', '21:00', '0', '4', '', '0', '2021-03-04', NULL, NULL, NULL),
('802479', '5', '14:00', '15:00', '1', '4', '', '0', '2021-02-28', NULL, NULL, NULL),
('810935', '8', '17:00', '18:00', '1', '4', '', '0', '2021-02-28', NULL, NULL, NULL),
('811690', '3', '09:00', '10:00', '1', '4', '', '0', '2021-04-04', NULL, NULL, NULL),
('819201', '2', '10:00', '11:00', '1', '4', '', '0', '2021-02-28', NULL, NULL, NULL),
('820455', '5', '14:00', '15:00', '0', '4', '', '0', '2021-02-26', NULL, NULL, NULL),
('822706', '1', '09:30', '10:30', '0', '4', '', '0', '2021-02-28', NULL, NULL, NULL),
('823609', '1', '08:00', '09:00', '1', '4', '', '0', '2021-03-04', NULL, NULL, NULL),
('829635', '8', '24:00', '24:30', '0', '4', '', '0', '2021-04-03', NULL, NULL, NULL),
('831977', '8', '24:00', '24:30', '0', '4', '', '0', '2021-02-27', NULL, NULL, NULL),
('845999', '4', '15:30', '16:30', '1', '4', '', '0', '2021-03-02', NULL, NULL, NULL),
('846028', '1', '08:00', '09:00', '1', '4', '', '0', '2021-04-03', NULL, NULL, NULL),
('847241', '5', '14:00', '15:00', '0', '4', '', '0', '2021-02-27', NULL, NULL, NULL),
('853334', '8', '17:00', '18:00', '0', '4', '', '0', '2021-03-03', NULL, NULL, NULL),
('854246', '7', '17:00', '18:00', '1', '4', '', '0', '2021-04-03', NULL, NULL, NULL),
('855826', '2', '10:00', '11:00', '0', '4', '', '0', '2021-04-04', NULL, NULL, NULL),
('870157', '6', '09:30', '10:30', '0', '4', '', '0', '2021-04-04', NULL, NULL, NULL),
('872781', '8', '20:00', '21:00', '1', '4', '', '0', '2021-02-26', NULL, NULL, NULL),
('880128', '3', '09:00', '10:00', '1', '4', '', '0', '2021-03-01', NULL, NULL, NULL),
('882872', '6', '09:30', '10:30', '0', '4', '', '0', '2021-03-03', NULL, NULL, NULL),
('886964', '1', '08:00', '09:00', '1', '4', '', '0', '2021-02-27', NULL, NULL, NULL),
('888380', '6', '09:30', '10:30', '0', '4', '', '0', '2021-02-28', NULL, NULL, NULL),
('892117', '4', '09:30', '10:30', '0', '4', '', '0', '2021-02-27', NULL, NULL, NULL),
('894591', '3', '14:00', '15:00', '0', '4', '', '0', '2021-04-04', NULL, NULL, NULL),
('897487', '7', '17:00', '18:00', '0', '4', '', '0', '2021-02-28', NULL, NULL, NULL),
('901444', '7', '20:00', '21:00', '0', '4', '', '0', '2021-04-02', NULL, NULL, NULL),
('906969', '5', '08:00', '09:00', '0', '4', '', '0', '2021-02-26', NULL, NULL, NULL),
('911254', '2', '10:00', '11:00', '0', '4', '', '0', '2021-03-02', NULL, NULL, NULL),
('916527', '1', '08:00', '09:00', '1', '4', '', '0', '2021-02-28', NULL, NULL, NULL),
('917094', '5', '14:00', '15:00', '0', '4', '', '0', '2021-03-02', NULL, NULL, NULL),
('921664', '7', '20:00', '21:00', '0', '4', '', '0', '2021-03-01', NULL, NULL, NULL),
('921891', '8', '24:00', '24:30', '0', '4', '', '0', '2021-03-01', NULL, NULL, NULL),
('926600', '8', '20:00', '21:00', '1', '4', '', '0', '2021-04-03', NULL, NULL, NULL),
('931922', '2', '10:00', '11:00', '0', '4', '', '0', '2021-04-03', NULL, NULL, NULL),
('935746', '8', '17:00', '18:00', '1', '4', '', '0', '2021-02-26', NULL, NULL, NULL),
('936959', '7', '17:00', '18:00', '1', '4', '', '0', '2021-02-28', NULL, NULL, NULL),
('947389', '8', '17:00', '18:00', '0', '4', '', '0', '2021-04-04', NULL, NULL, NULL),
('950694', '8', '17:00', '18:00', '0', '4', '', '0', '2021-02-27', NULL, NULL, NULL),
('954198', '5', '08:00', '09:00', '0', '4', '', '0', '2021-02-28', NULL, NULL, NULL),
('954340', '6', '15:30', '16:30', '0', '4', '', '0', '2021-04-02', NULL, NULL, NULL),
('962981', '7', '20:00', '21:00', '0', '4', '', '0', '2021-04-03', NULL, NULL, NULL),
('975553', '7', '20:00', '21:00', '1', '4', '', '0', '2021-02-28', NULL, NULL, NULL),
('977351', '1', '09:30', '10:30', '0', '4', '', '0', '2021-03-01', NULL, NULL, NULL),
('981427', '6', '15:30', '16:30', '0', '4', '', '0', '2021-02-28', NULL, NULL, NULL),
('993904', '8', '20:00', '21:00', '1', '4', '', '0', '2021-03-04', NULL, NULL, NULL),
('995828', '5', '08:00', '09:00', '0', '4', '', '0', '2021-03-02', NULL, NULL, NULL),
('996894', '5', '14:00', '15:00', '1', '4', '', '0', '2021-04-02', NULL, NULL, NULL),
('2222222', '8', '20:00', '21:00', '1', '4', '', '1', '2021-02-24', NULL, NULL, NULL),
('9999888', '3', '14:00', '15:00', '1', '4', '', '0', '2021-02-25', NULL, NULL, NULL),
('66666655', '6', '23:50', '24:00', '0', '4', '1,3,4,7,8,11,20,10,14', '0', '2021-02-24', NULL, NULL, NULL),
('828019396524900352', '1', '20:00', '21:00', '0', '4', '', '0', '2021-04-03', '2021-04-03 21:33:28', NULL, '2021-04-03 21:33:28'),
('828020660260306944', '2', '20:00', '21:00', '0', '4', '', '0', '2021-04-03', '2021-04-03 21:38:29', NULL, '2021-04-03 21:38:29'),
('828020695572152320', '3', '20:00', '21:00', '0', '4', '0', '0', '2021-04-03', '2021-04-03 21:38:38', NULL, '2021-04-03 21:38:38'),
('828020924761505792', '5', '20:00', '21:00', '0', '4', '', '0', '2021-04-03', '2021-04-03 22:00:33', NULL, '2021-04-03 21:39:32'),
('1327842601310752768', '1', '08:00', '09:00', '1', '4', '', '0', '2020-11-15', NULL, NULL, NULL),
('1327842601897955328', '2', '08:30', '09:30', '1', '4', '', '0', '2020-11-15', NULL, NULL, NULL),
('1327842602317385728', '3', '09:00', '10:00', '1', '4', '', '0', '2020-11-15', NULL, NULL, NULL),
('1327842602732621824', '4', '09:30', '10:30', '1', '4', '', '0', '2020-11-15', NULL, NULL, NULL),
('1327842603147857920', '1', '09:30', '10:30', '0', '4', '', '0', '2020-11-15', NULL, NULL, NULL),
('1327842603579871232', '2', '10:00', '11:00', '0', '4', '', '0', '2020-11-15', NULL, NULL, NULL),
('1327842604003495936', '5', '08:00', '09:00', '0', '4', '', '0', '2020-11-15', NULL, NULL, NULL),
('1327842604431314944', '6', '09:30', '10:30', '0', '4', '', '0', '2020-11-15', NULL, NULL, NULL),
('1327842604859133952', '3', '14:00', '15:00', '1', '4', '4', '0', '2020-11-15', NULL, NULL, NULL),
('1327842605282758656', '4', '15:30', '16:30', '1', '4', '', '0', '2020-11-15', NULL, NULL, NULL),
('1327842605697994752', '7', '17:00', '18:00', '1', '4', '', '0', '2020-11-15', NULL, NULL, NULL),
('1327842606125813760', '5', '14:00', '15:00', '0', '4', '', '0', '2020-11-15', NULL, NULL, NULL),
('1327842606541049856', '6', '15:30', '16:30', '0', '4', '', '0', '2020-11-15', NULL, NULL, NULL),
('1327842606956285952', '8', '17:00', '18:00', '0', '4', '', '0', '2020-11-15', NULL, NULL, NULL),
('1327842607371522048', '7', '20:00', '21:00', '0', '4', '', '0', '2020-11-15', NULL, NULL, NULL),
('1327842607895810048', '8', '20:00', '21:00', '1', '4', '', '0', '2020-11-15', NULL, NULL, NULL),
('1327842608319434752', '8', '24:00', '24:30', '0', '4', '', '0', '2020-11-15', NULL, NULL, NULL),
('1328005340381450240', '1', '08:00', '09:00', '0', '4', '', '0', '2020-11-16', NULL, NULL, NULL),
('1328005341643935744', '2', '08:30', '09:30', '0', '4', '', '0', '2020-11-16', NULL, NULL, NULL),
('1328005342063366144', '3', '09:00', '10:00', '0', '4', '', '0', '2020-11-16', NULL, NULL, NULL),
('1328005342486990848', '4', '09:30', '10:30', '0', '4', '', '0', '2020-11-16', NULL, NULL, NULL),
('1328005342902226944', '1', '09:30', '10:30', '1', '4', '', '0', '2020-11-16', NULL, NULL, NULL),
('1328005343325851648', '2', '10:00', '11:00', '1', '4', '', '0', '2020-11-16', NULL, NULL, NULL),
('1328005343736893440', '5', '08:00', '09:00', '1', '4', '', '0', '2020-11-16', NULL, NULL, NULL),
('1328005344189878272', '6', '09:30', '10:30', '1', '4', '', '0', '2020-11-16', NULL, NULL, NULL),
('1328005344605114368', '3', '14:00', '15:00', '1', '4', '', '0', '2020-11-16', NULL, NULL, NULL),
('1328005345024544768', '4', '15:30', '16:30', '1', '4', '', '0', '2020-11-16', NULL, NULL, NULL),
('1328005345439780864', '7', '17:00', '18:00', '1', '4', '', '0', '2020-11-16', NULL, NULL, NULL),
('1328005345855016960', '5', '14:00', '15:00', '0', '4', '', '0', '2020-11-16', NULL, NULL, NULL),
('1328005346274447360', '6', '15:30', '16:30', '0', '4', '', '0', '2020-11-16', NULL, NULL, NULL),
('1328005346689683456', '8', '17:00', '18:00', '0', '4', '', '0', '2020-11-16', NULL, NULL, NULL),
('1328005347104919552', '7', '20:00', '21:00', '0', '4', '', '0', '2020-11-16', NULL, NULL, NULL),
('1328005347524349952', '8', '20:00', '21:00', '1', '4', '', '0', '2020-11-16', NULL, NULL, NULL),
('1328005347939586048', '8', '24:00', '24:30', '0', '4', '', '0', '2020-11-16', NULL, NULL, NULL),
('1328367725273288704', '1', '08:00', '09:00', '0', '4', '', '0', '2020-11-17', NULL, NULL, NULL),
('1328367725726273536', '2', '08:30', '09:30', '0', '4', '', '0', '2020-11-17', NULL, NULL, NULL),
('1328367726137315328', '3', '09:00', '10:00', '0', '4', '', '0', '2020-11-17', NULL, NULL, NULL),
('1328367726548357120', '4', '09:30', '10:30', '0', '4', '', '0', '2020-11-17', NULL, NULL, NULL),
('1328367726963593216', '1', '09:30', '10:30', '1', '4', '', '0', '2020-11-17', NULL, NULL, NULL),
('1328367727378829312', '2', '10:00', '11:00', '1', '4', '', '0', '2020-11-17', NULL, NULL, NULL),
('1328367727789871104', '5', '08:00', '09:00', '1', '4', '', '0', '2020-11-17', NULL, NULL, NULL),
('1328367728205107200', '6', '09:30', '10:30', '1', '4', '', '0', '2020-11-17', NULL, NULL, NULL),
('1328367728620343296', '3', '14:00', '15:00', '1', '4', '', '0', '2020-11-17', NULL, NULL, NULL),
('1328367729069133824', '4', '15:30', '16:30', '1', '4', '', '0', '2020-11-17', NULL, NULL, NULL),
('1328367729480175616', '7', '17:00', '18:00', '1', '4', '', '0', '2020-11-17', NULL, NULL, NULL),
('1328367729891217408', '5', '14:00', '15:00', '0', '4', '', '0', '2020-11-17', NULL, NULL, NULL),
('1328367730302259200', '6', '15:30', '16:30', '0', '4', '', '0', '2020-11-17', NULL, NULL, NULL),
('1328367730717495296', '8', '17:00', '18:00', '0', '4', '', '0', '2020-11-17', NULL, NULL, NULL),
('1328367731128537088', '7', '20:00', '21:00', '0', '4', '', '0', '2020-11-17', NULL, NULL, NULL),
('1328367731543773184', '8', '20:00', '21:00', '1', '4', '', '0', '2020-11-17', NULL, NULL, NULL),
('1328367731959009280', '8', '24:00', '24:30', '0', '4', '', '0', '2020-11-17', NULL, NULL, NULL),
('1328730114787250176', '1', '08:00', '09:00', '0', '4', '', '0', '2020-11-18', NULL, NULL, NULL),
('1328730115219263488', '2', '08:30', '09:30', '0', '4', '', '0', '2020-11-18', NULL, NULL, NULL),
('1328730115630305280', '3', '09:00', '10:00', '0', '4', '', '0', '2020-11-18', NULL, NULL, NULL),
('1328730116049735680', '4', '09:30', '10:30', '0', '4', '', '0', '2020-11-18', NULL, NULL, NULL),
('1328730116460777472', '1', '09:30', '10:30', '1', '4', '', '0', '2020-11-18', NULL, NULL, NULL),
('1328730116892790784', '2', '10:00', '11:00', '1', '4', '', '0', '2020-11-18', NULL, NULL, NULL),
('1328730117303832576', '5', '08:00', '09:00', '1', '4', '', '0', '2020-11-18', NULL, NULL, NULL),
('1328730117714874368', '6', '09:30', '10:30', '1', '4', '', '0', '2020-11-18', NULL, NULL, NULL),
('1328730118121721856', '3', '14:00', '15:00', '1', '4', '', '0', '2020-11-18', NULL, NULL, NULL),
('1328730118532763648', '4', '15:30', '16:30', '1', '4', '', '0', '2020-11-18', NULL, NULL, NULL),
('1328730118943805440', '7', '17:00', '18:00', '1', '4', '', '0', '2020-11-18', NULL, NULL, NULL),
('1328730119354847232', '5', '14:00', '15:00', '0', '4', '', '0', '2020-11-18', NULL, NULL, NULL),
('1328730119770083328', '6', '15:30', '16:30', '0', '4', '', '0', '2020-11-18', NULL, NULL, NULL),
('1328730120176930816', '8', '17:00', '18:00', '0', '4', '', '0', '2020-11-18', NULL, NULL, NULL),
('1328730120583778304', '7', '20:00', '21:00', '0', '4', '', '0', '2020-11-18', NULL, NULL, NULL),
('1328730120990625792', '8', '20:00', '21:00', '1', '4', '', '0', '2020-11-18', NULL, NULL, NULL),
('1328730121401667584', '8', '24:00', '24:30', '0', '4', '1', '0', '2020-11-18', NULL, NULL, NULL),
('1329092503038726144', '1', '08:00', '09:00', '0', '4', '', '0', '2020-11-19', NULL, NULL, NULL),
('1329092503453962240', '2', '08:30', '09:30', '0', '4', '', '0', '2020-11-19', NULL, NULL, NULL),
('1329092503869198336', '3', '09:00', '10:00', '0', '4', '', '0', '2020-11-19', NULL, NULL, NULL),
('1329092504276045824', '4', '09:30', '10:30', '0', '4', '', '0', '2020-11-19', NULL, NULL, NULL),
('1329092504687087616', '1', '09:30', '10:30', '1', '4', '', '0', '2020-11-19', NULL, NULL, NULL),
('1329092505102323712', '2', '10:00', '11:00', '1', '4', '', '0', '2020-11-19', NULL, NULL, NULL),
('1329092505509171200', '5', '08:00', '09:00', '1', '4', '', '0', '2020-11-19', NULL, NULL, NULL),
('1329092505945378816', '6', '09:30', '10:30', '1', '4', '', '0', '2020-11-19', NULL, NULL, NULL),
('1329092506356420608', '3', '14:00', '15:00', '1', '4', '', '0', '2020-11-19', NULL, NULL, NULL),
('1329092506780045312', '4', '15:30', '16:30', '1', '4', '', '0', '2020-11-19', NULL, NULL, NULL),
('1329092507191087104', '7', '17:00', '18:00', '1', '4', '', '0', '2020-11-19', NULL, NULL, NULL),
('1329092507602128896', '5', '14:00', '15:00', '0', '4', '', '0', '2020-11-19', NULL, NULL, NULL),
('1329092508008976384', '6', '15:30', '16:30', '0', '4', '', '0', '2020-11-19', NULL, NULL, NULL),
('1329092508428406784', '8', '17:00', '18:00', '0', '4', '', '0', '2020-11-19', NULL, NULL, NULL),
('1329092508839448576', '7', '20:00', '21:00', '0', '4', '', '0', '2020-11-19', NULL, NULL, NULL),
('1329092509254684672', '8', '20:00', '21:00', '1', '4', '', '0', '2020-11-19', NULL, NULL, NULL),
('1329092509661532160', '8', '24:00', '24:30', '0', '4', '2', '0', '2020-11-19', NULL, NULL, NULL),
('1329205622754906112', '1', '08:00', '09:00', '1', '4', '', '0', '2020-11-18', NULL, NULL, NULL),
('1329205625430872064', '2', '08:30', '09:30', '1', '4', '', '0', '2020-11-18', NULL, NULL, NULL),
('1329205627729350656', '3', '09:00', '10:00', '1', '4', '', '0', '2020-11-18', NULL, NULL, NULL),
('1329205629927165952', '4', '09:30', '10:30', '1', '4', '', '0', '2020-11-18', NULL, NULL, NULL),
('1329205632422776832', '1', '09:30', '10:30', '0', '4', '', '0', '2020-11-18', NULL, NULL, NULL),
('1329205634708672512', '2', '10:00', '11:00', '0', '4', '', '0', '2020-11-18', NULL, NULL, NULL),
('1329205636919070720', '5', '08:00', '09:00', '0', '4', '', '0', '2020-11-18', NULL, NULL, NULL),
('1329205639448236032', '6', '09:30', '10:30', '0', '4', '', '0', '2020-11-18', NULL, NULL, NULL),
('1329205641612496896', '3', '14:00', '15:00', '0', '4', '', '0', '2020-11-18', NULL, NULL, NULL),
('1329205643881615360', '4', '15:30', '16:30', '0', '4', '', '0', '2020-11-18', NULL, NULL, NULL),
('1329205649841721344', '7', '17:00', '18:00', '0', '4', '', '0', '2020-11-18', NULL, NULL, NULL),
('1329205652299583488', '5', '14:00', '15:00', '1', '4', '', '0', '2020-11-18', NULL, NULL, NULL),
('1329205654623227904', '6', '15:30', '16:30', '1', '4', '', '0', '2020-11-18', NULL, NULL, NULL),
('1329205656741351424', '8', '17:00', '18:00', '1', '4', '', '0', '2020-11-18', NULL, NULL, NULL),
('1329205659215990784', '7', '20:00', '21:00', '1', '4', '', '0', '2020-11-18', NULL, NULL, NULL),
('1329205661610938368', '8', '20:00', '21:00', '0', '4', '', '0', '2020-11-18', NULL, NULL, NULL),
('1329205667352940544', '8', '24:00', '24:30', '0', '4', '', '0', '2020-11-18', NULL, NULL, NULL),
('1329206207323443200', '1', '08:00', '09:00', '1', '4', '', '0', '2020-11-18', NULL, NULL, NULL),
('1329206209890357248', '2', '08:30', '09:30', '1', '4', '', '0', '2020-11-18', NULL, NULL, NULL),
('1329206212268527616', '3', '09:00', '10:00', '1', '4', '', '0', '2020-11-18', NULL, NULL, NULL),
('1329206214260822016', '4', '09:30', '10:30', '1', '4', '', '0', '2020-11-18', NULL, NULL, NULL),
('1329206216693518336', '1', '09:30', '10:30', '0', '4', '', '0', '2020-11-18', NULL, NULL, NULL),
('1329206219088465920', '2', '10:00', '11:00', '0', '4', '', '0', '2020-11-18', NULL, NULL, NULL),
('1329206221202395136', '5', '08:00', '09:00', '0', '4', '', '0', '2020-11-18', NULL, NULL, NULL),
('1329206224285208576', '6', '09:30', '10:30', '0', '4', '', '0', '2020-11-18', NULL, NULL, NULL),
('1329206226503995392', '3', '14:00', '15:00', '0', '4', '', '0', '2020-11-18', NULL, NULL, NULL),
('1329206228831834112', '4', '15:30', '16:30', '0', '4', '', '0', '2020-11-18', NULL, NULL, NULL),
('1329206231340027904', '7', '17:00', '18:00', '0', '4', '', '0', '2020-11-18', NULL, NULL, NULL),
('1329206233420402688', '5', '14:00', '15:00', '1', '4', '', '0', '2020-11-18', NULL, NULL, NULL),
('1329206235840516096', '6', '15:30', '16:30', '1', '4', '', '0', '2020-11-18', NULL, NULL, NULL),
('1329206238218686464', '8', '17:00', '18:00', '1', '4', '', '0', '2020-11-18', NULL, NULL, NULL),
('1329206240382947328', '7', '20:00', '21:00', '1', '4', '', '0', '2020-11-18', NULL, NULL, NULL),
('1329206242891141120', '8', '20:00', '21:00', '0', '4', '', '0', '2020-11-18', NULL, NULL, NULL),
('1329206245273505792', '8', '24:00', '24:30', '0', '4', '', '0', '2020-11-18', NULL, NULL, NULL),
('1329206730302820352', '1', '08:00', '09:00', '1', '4', '', '0', '2020-11-18', NULL, NULL, NULL),
('1329206732743905280', '2', '08:30', '09:30', '1', '4', '', '0', '2020-11-18', NULL, NULL, NULL),
('1329206737135341568', '3', '09:00', '10:00', '1', '4', '', '0', '2020-11-18', NULL, NULL, NULL),
('1329206739387682816', '4', '09:30', '10:30', '1', '4', '', '0', '2020-11-18', NULL, NULL, NULL),
('1329206741887488000', '1', '09:30', '10:30', '0', '4', '', '0', '2020-11-18', NULL, NULL, NULL),
('1329206744194355200', '2', '10:00', '11:00', '0', '4', '', '0', '2020-11-18', NULL, NULL, NULL),
('1329206746568331264', '5', '08:00', '09:00', '0', '4', '', '0', '2020-11-18', NULL, NULL, NULL),
('1329206749072330752', '6', '09:30', '10:30', '0', '4', '', '0', '2020-11-18', NULL, NULL, NULL),
('1329206751085596672', '3', '14:00', '15:00', '0', '4', '', '0', '2020-11-18', NULL, NULL, NULL),
('1329206753329549312', '4', '15:30', '16:30', '0', '4', '', '0', '2020-11-18', NULL, NULL, NULL),
('1329206755795800064', '7', '17:00', '18:00', '0', '4', '', '0', '2020-11-18', NULL, NULL, NULL),
('1329206757934895104', '5', '14:00', '15:00', '1', '4', '', '0', '2020-11-18', NULL, NULL, NULL),
('1329206760501809152', '6', '15:30', '16:30', '1', '4', '', '0', '2020-11-18', NULL, NULL, NULL),
('1329206762779316224', '8', '17:00', '18:00', '1', '4', '', '0', '2020-11-18', NULL, NULL, NULL),
('1329206765090377728', '7', '20:00', '21:00', '1', '4', '', '0', '2020-11-18', NULL, NULL, NULL),
('1329206767573405696', '8', '20:00', '21:00', '0', '4', '', '0', '2020-11-18', NULL, NULL, NULL),
('1329206769687334912', '8', '24:00', '24:30', '0', '4', '', '0', '2020-11-18', NULL, NULL, NULL),
('1329454890669445120', '1', '08:00', '09:00', '0', '4', '', '0', '2020-11-20', NULL, NULL, NULL),
('1329454891088875520', '2', '08:30', '09:30', '0', '4', '', '0', '2020-11-20', NULL, NULL, NULL),
('1329454891504111616', '3', '09:00', '10:00', '0', '4', '', '0', '2020-11-20', NULL, NULL, NULL),
('1329454891910959104', '4', '09:30', '10:30', '0', '4', '', '0', '2020-11-20', NULL, NULL, NULL),
('1329454892317806592', '1', '09:30', '10:30', '1', '4', '', '0', '2020-11-20', NULL, NULL, NULL),
('1329454892728848384', '2', '10:00', '11:00', '1', '4', '', '0', '2020-11-20', NULL, NULL, NULL),
('1329454893135695872', '5', '08:00', '09:00', '1', '4', '', '0', '2020-11-20', NULL, NULL, NULL),
('1329454893542543360', '6', '09:30', '10:30', '1', '4', '', '0', '2020-11-20', NULL, NULL, NULL),
('1329454893945196544', '3', '14:00', '15:00', '1', '4', '', '0', '2020-11-20', NULL, NULL, NULL),
('1329454894356238336', '4', '15:30', '16:30', '1', '4', '', '0', '2020-11-20', NULL, NULL, NULL),
('1329454894758891520', '7', '17:00', '18:00', '1', '4', '', '0', '2020-11-20', NULL, NULL, NULL),
('1329454895157350400', '5', '14:00', '15:00', '0', '4', '', '0', '2020-11-20', NULL, NULL, NULL),
('1329454895568392192', '6', '15:30', '16:30', '0', '4', '', '0', '2020-11-20', NULL, NULL, NULL),
('1329454895983628288', '8', '17:00', '18:00', '0', '4', '', '0', '2020-11-20', NULL, NULL, NULL),
('1329454896390475776', '7', '20:00', '21:00', '0', '4', '', '0', '2020-11-20', NULL, NULL, NULL),
('1329454896818294784', '8', '20:00', '21:00', '1', '4', '', '0', '2020-11-20', NULL, NULL, NULL),
('1329454897271279616', '8', '24:00', '24:30', '0', '4', ',', '0', '2020-11-20', NULL, NULL, NULL),
('1329817278291775488', '1', '08:00', '09:00', '0', '4', '', '0', '2020-11-21', NULL, NULL, NULL),
('1329817278711205888', '2', '08:30', '09:30', '0', '4', '', '0', '2020-11-21', NULL, NULL, NULL),
('1329817279118053376', '3', '09:00', '10:00', '0', '4', '', '0', '2020-11-21', NULL, NULL, NULL),
('1329817279520706560', '4', '09:30', '10:30', '0', '4', '', '0', '2020-11-21', NULL, NULL, NULL),
('1329817279923359744', '1', '09:30', '10:30', '1', '4', '', '0', '2020-11-21', NULL, NULL, NULL),
('1329817280351178752', '2', '10:00', '11:00', '1', '4', '', '0', '2020-11-21', NULL, NULL, NULL),
('1329817280833523712', '5', '08:00', '09:00', '1', '4', '', '0', '2020-11-21', NULL, NULL, NULL),
('1329817281236176896', '6', '09:30', '10:30', '1', '4', '', '0', '2020-11-21', NULL, NULL, NULL),
('1329817281638830080', '3', '14:00', '15:00', '1', '4', '', '0', '2020-11-21', NULL, NULL, NULL),
('1329817282041483264', '4', '15:30', '16:30', '1', '4', '', '0', '2020-11-21', NULL, NULL, NULL),
('1329817282452525056', '7', '17:00', '18:00', '1', '4', '', '0', '2020-11-21', NULL, NULL, NULL),
('1329817282855178240', '5', '14:00', '15:00', '0', '4', '', '0', '2020-11-21', NULL, NULL, NULL),
('1329817283262025728', '6', '15:30', '16:30', '0', '4', '', '0', '2020-11-21', NULL, NULL, NULL),
('1329817283664678912', '8', '17:00', '18:00', '0', '4', '', '0', '2020-11-21', NULL, NULL, NULL),
('1329817284071526400', '7', '20:00', '21:00', '0', '4', '', '0', '2020-11-21', NULL, NULL, NULL),
('1329817284474179584', '8', '20:00', '21:00', '1', '4', '', '0', '2020-11-21', NULL, NULL, NULL),
('1329817284881027072', '8', '24:00', '24:30', '0', '4', '', '0', '2020-11-21', NULL, NULL, NULL),
('1330179667726045184', '1', '08:00', '09:00', '0', '4', '', '0', '2020-11-22', NULL, NULL, NULL),
('1330179668426493952', '2', '08:30', '09:30', '0', '4', '', '0', '2020-11-22', NULL, NULL, NULL),
('1330179669084999680', '3', '09:00', '10:00', '0', '4', '', '0', '2020-11-22', NULL, NULL, NULL),
('1330179669743505408', '4', '09:30', '10:30', '0', '4', '', '0', '2020-11-22', NULL, NULL, NULL),
('1330179670406205440', '1', '09:30', '10:30', '1', '4', '', '0', '2020-11-22', NULL, NULL, NULL),
('1330179671094071296', '2', '10:00', '11:00', '1', '4', '', '0', '2020-11-22', NULL, NULL, NULL),
('1330179671769354240', '5', '08:00', '09:00', '1', '4', '', '0', '2020-11-22', NULL, NULL, NULL),
('1330179672427859968', '6', '09:30', '10:30', '1', '4', '', '0', '2020-11-22', NULL, NULL, NULL),
('1330179673086365696', '3', '14:00', '15:00', '1', '4', '', '0', '2020-11-22', NULL, NULL, NULL),
('1330179673744871424', '4', '15:30', '16:30', '1', '4', '', '0', '2020-11-22', NULL, NULL, NULL),
('1330179674411765760', '7', '17:00', '18:00', '1', '4', '', '0', '2020-11-22', NULL, NULL, NULL),
('1330179675070271488', '5', '14:00', '15:00', '0', '4', '', '0', '2020-11-22', NULL, NULL, NULL),
('1330179675732971520', '6', '15:30', '16:30', '0', '4', '', '0', '2020-11-22', NULL, NULL, NULL),
('1330179676391477248', '8', '17:00', '18:00', '0', '4', '', '0', '2020-11-22', NULL, NULL, NULL),
('1330179677045788672', '7', '20:00', '21:00', '0', '4', '', '0', '2020-11-22', NULL, NULL, NULL),
('1330179677712683008', '8', '20:00', '21:00', '1', '4', '', '0', '2020-11-22', NULL, NULL, NULL),
('1330179678375383040', '8', '24:00', '24:30', '0', '4', '', '0', '2020-11-22', NULL, NULL, NULL),
('1330542054123638784', '1', '08:00', '09:00', '0', '4', '', '0', '2020-11-23', NULL, NULL, NULL),
('1330542054568235008', '2', '08:30', '09:30', '0', '4', '', '0', '2020-11-23', NULL, NULL, NULL),
('1330542054975082496', '3', '09:00', '10:00', '0', '4', '', '0', '2020-11-23', NULL, NULL, NULL),
('1330542055381929984', '4', '09:30', '10:30', '0', '4', '', '0', '2020-11-23', NULL, NULL, NULL),
('1330542055792971776', '1', '09:30', '10:30', '1', '4', '', '0', '2020-11-23', NULL, NULL, NULL),
('1330542056224985088', '2', '10:00', '11:00', '1', '4', '', '0', '2020-11-23', NULL, NULL, NULL),
('1330542056631832576', '5', '08:00', '09:00', '1', '4', '', '0', '2020-11-23', NULL, NULL, NULL),
('1330542057042874368', '6', '09:30', '10:30', '1', '4', '', '0', '2020-11-23', NULL, NULL, NULL),
('1330542057495859200', '3', '14:00', '15:00', '1', '4', '', '0', '2020-11-23', NULL, NULL, NULL),
('1330542057906900992', '4', '15:30', '16:30', '1', '4', '', '0', '2020-11-23', NULL, NULL, NULL),
('1330542058317942784', '7', '17:00', '18:00', '1', '4', '', '0', '2020-11-23', NULL, NULL, NULL),
('1330542058724790272', '5', '14:00', '15:00', '0', '4', '', '0', '2020-11-23', NULL, NULL, NULL),
('1330542060033413120', '6', '15:30', '16:30', '0', '4', '', '0', '2020-11-23', NULL, NULL, NULL),
('1330542060687724544', '8', '17:00', '18:00', '0', '4', '', '0', '2020-11-23', NULL, NULL, NULL),
('1330542061228789760', '7', '20:00', '21:00', '0', '4', '', '0', '2020-11-23', NULL, NULL, NULL),
('1330542061652414464', '8', '20:00', '21:00', '1', '4', '', '0', '2020-11-23', NULL, NULL, NULL),
('1330542062193479680', '8', '24:00', '24:30', '0', '4', ',', '0', '2020-11-23', NULL, NULL, NULL),
('1330904441783717888', '1', '08:00', '09:00', '0', '4', '', '0', '2020-11-24', NULL, NULL, NULL),
('1330904442215731200', '2', '08:30', '09:30', '0', '4', '', '0', '2020-11-24', NULL, NULL, NULL),
('1330904442639355904', '3', '09:00', '10:00', '0', '4', '', '0', '2020-11-24', NULL, NULL, NULL),
('1330904443042009088', '4', '09:30', '10:30', '0', '4', '', '0', '2020-11-24', NULL, NULL, NULL),
('1330904443444662272', '1', '09:30', '10:30', '1', '4', '', '0', '2020-11-24', NULL, NULL, NULL),
('1330904443855704064', '2', '10:00', '11:00', '1', '4', '', '0', '2020-11-24', NULL, NULL, NULL),
('1330904444258357248', '5', '08:00', '09:00', '1', '4', '', '0', '2020-11-24', NULL, NULL, NULL),
('1330904444673593344', '6', '09:30', '10:30', '1', '4', '', '0', '2020-11-24', NULL, NULL, NULL),
('1330904445076246528', '3', '14:00', '15:00', '1', '4', '', '0', '2020-11-24', NULL, NULL, NULL),
('1330904445478899712', '4', '15:30', '16:30', '1', '4', '', '0', '2020-11-24', NULL, NULL, NULL),
('1330904445881552896', '7', '17:00', '18:00', '1', '4', '', '0', '2020-11-24', NULL, NULL, NULL),
('1330904446284206080', '5', '14:00', '15:00', '0', '4', '', '0', '2020-11-24', NULL, NULL, NULL),
('1330904446787522560', '6', '15:30', '16:30', '0', '4', '', '0', '2020-11-24', NULL, NULL, NULL),
('1330904447190175744', '8', '17:00', '18:00', '0', '4', '', '0', '2020-11-24', NULL, NULL, NULL),
('1330904447592828928', '7', '20:00', '21:00', '0', '4', '', '0', '2020-11-24', NULL, NULL, NULL),
('1330904447995482112', '8', '20:00', '21:00', '1', '4', '', '0', '2020-11-24', NULL, NULL, NULL),
('1330904448444272640', '8', '24:00', '24:30', '0', '4', '', '0', '2020-11-24', NULL, NULL, NULL),
('1331266829619957760', '1', '08:00', '09:00', '0', '4', '', '0', '2020-11-25', NULL, NULL, NULL),
('1331266830035193856', '2', '08:30', '09:30', '0', '4', '', '0', '2020-11-25', NULL, NULL, NULL),
('1331266830442041344', '3', '09:00', '10:00', '0', '4', '', '0', '2020-11-25', NULL, NULL, NULL),
('1331266830844694528', '4', '09:30', '10:30', '0', '4', '', '0', '2020-11-25', NULL, NULL, NULL),
('1331266831247347712', '1', '09:30', '10:30', '1', '4', '', '0', '2020-11-25', NULL, NULL, NULL),
('1331266831650000896', '2', '10:00', '11:00', '1', '4', '', '0', '2020-11-25', NULL, NULL, NULL),
('1331266832052654080', '5', '08:00', '09:00', '1', '4', '', '0', '2020-11-25', NULL, NULL, NULL),
('1331266832455307264', '6', '09:30', '10:30', '1', '4', '', '0', '2020-11-25', NULL, NULL, NULL),
('1331266832857960448', '3', '14:00', '15:00', '1', '4', '', '0', '2020-11-25', NULL, NULL, NULL),
('1331266833260613632', '4', '15:30', '16:30', '1', '4', '', '0', '2020-11-25', NULL, NULL, NULL),
('1331266833667461120', '7', '17:00', '18:00', '1', '4', '', '0', '2020-11-25', NULL, NULL, NULL),
('1331266834070114304', '5', '14:00', '15:00', '0', '4', '', '0', '2020-11-25', NULL, NULL, NULL),
('1331266834468573184', '6', '15:30', '16:30', '0', '4', '', '0', '2020-11-25', NULL, NULL, NULL),
('1331266834871226368', '8', '17:00', '18:00', '0', '4', '', '0', '2020-11-25', NULL, NULL, NULL),
('1331266835278073856', '7', '20:00', '21:00', '0', '4', '', '0', '2020-11-25', NULL, NULL, NULL),
('1331266835684921344', '8', '20:00', '21:00', '1', '4', '', '0', '2020-11-25', NULL, NULL, NULL),
('1331266836087574528', '8', '24:00', '24:30', '0', '4', '', '0', '2020-11-25', NULL, NULL, NULL),
('1331629215531012096', '1', '08:00', '09:00', '0', '4', '', '0', '2020-11-26', NULL, NULL, NULL),
('1331629216000774144', '2', '08:30', '09:30', '0', '4', '', '0', '2020-11-26', NULL, NULL, NULL),
('1331629216407621632', '3', '09:00', '10:00', '0', '4', '', '0', '2020-11-26', NULL, NULL, NULL),
('1331629216822857728', '4', '09:30', '10:30', '0', '4', '', '0', '2020-11-26', NULL, NULL, NULL),
('1331629217229705216', '1', '09:30', '10:30', '1', '4', '', '0', '2020-11-26', NULL, NULL, NULL),
('1331629217644941312', '2', '10:00', '11:00', '1', '4', '', '0', '2020-11-26', NULL, NULL, NULL),
('1331629218055983104', '5', '08:00', '09:00', '1', '4', '', '0', '2020-11-26', NULL, NULL, NULL),
('1331629218462830592', '6', '09:30', '10:30', '1', '4', '', '0', '2020-11-26', NULL, NULL, NULL),
('1331629218869678080', '3', '14:00', '15:00', '1', '4', '', '0', '2020-11-26', NULL, NULL, NULL),
('1331629219293302784', '4', '15:30', '16:30', '1', '4', '', '0', '2020-11-26', NULL, NULL, NULL),
('1331629219750481920', '7', '17:00', '18:00', '1', '4', '', '0', '2020-11-26', NULL, NULL, NULL),
('1331629220174106624', '5', '14:00', '15:00', '0', '4', '', '0', '2020-11-26', NULL, NULL, NULL),
('1331629220580954112', '6', '15:30', '16:30', '0', '4', '', '0', '2020-11-26', NULL, NULL, NULL),
('1331629221025550336', '8', '17:00', '18:00', '0', '4', '', '0', '2020-11-26', NULL, NULL, NULL),
('1331629221436592128', '7', '20:00', '21:00', '0', '4', '', '0', '2020-11-26', NULL, NULL, NULL),
('1331629221839245312', '8', '20:00', '21:00', '1', '4', '', '0', '2020-11-26', NULL, NULL, NULL),
('1331629222246092800', '8', '24:00', '24:30', '0', '4', '', '0', '2020-11-26', NULL, NULL, NULL),
('1331991605321797632', '1', '08:00', '09:00', '0', '4', '', '0', '2020-11-27', NULL, NULL, NULL),
('1331991605737033728', '2', '08:30', '09:30', '0', '4', '', '0', '2020-11-27', NULL, NULL, NULL),
('1331991606135492608', '3', '09:00', '10:00', '0', '4', '', '0', '2020-11-27', NULL, NULL, NULL),
('1331991606529757184', '4', '09:30', '10:30', '0', '4', '', '0', '2020-11-27', NULL, NULL, NULL),
('1331991606928216064', '1', '09:30', '10:30', '1', '4', '', '0', '2020-11-27', NULL, NULL, NULL),
('1331991607326674944', '2', '10:00', '11:00', '1', '4', '', '0', '2020-11-27', NULL, NULL, NULL);

INSERT INTO `sb_count` (`uuid`, `bus_id`, `begin_time`, `end_time`, `bus_status`, `price`, `selected_seats`, `seat_status`, `begin_date`, `updated_at`, `deleted_at`, `created_at`) VALUES
('1331991607725133824', '5', '08:00', '09:00', '1', '4', '', '0', '2020-11-27', NULL, NULL, NULL),
('1331991608152952832', '6', '09:30', '10:30', '1', '4', '', '0', '2020-11-27', NULL, NULL, NULL),
('1331991608551411712', '3', '14:00', '15:00', '1', '4', '', '0', '2020-11-27', NULL, NULL, NULL),
('1331991608975036416', '4', '15:30', '16:30', '1', '4', '', '0', '2020-11-27', NULL, NULL, NULL),
('1331991609432215552', '7', '17:00', '18:00', '1', '4', '', '0', '2020-11-27', NULL, NULL, NULL),
('1331991609851645952', '5', '14:00', '15:00', '0', '4', '', '0', '2020-11-27', NULL, NULL, NULL),
('1331991610254299136', '6', '15:30', '16:30', '0', '4', '', '0', '2020-11-27', NULL, NULL, NULL),
('1331991610652758016', '8', '17:00', '18:00', '0', '4', '', '0', '2020-11-27', NULL, NULL, NULL),
('1331991611051216896', '7', '20:00', '21:00', '0', '4', '', '0', '2020-11-27', NULL, NULL, NULL),
('1331991611449675776', '8', '20:00', '21:00', '1', '4', '', '0', '2020-11-27', NULL, NULL, NULL),
('1331991611848134656', '8', '24:00', '24:30', '0', '4', '', '0', '2020-11-27', NULL, NULL, NULL),
('1332353993359364096', '1', '08:00', '09:00', '0', '4', '', '0', '2020-11-28', NULL, NULL, NULL),
('1332353993812348928', '2', '08:30', '09:30', '0', '4', '', '0', '2020-11-28', NULL, NULL, NULL),
('1332353994215002112', '3', '09:00', '10:00', '0', '4', '', '0', '2020-11-28', NULL, NULL, NULL),
('1332353994621849600', '4', '09:30', '10:30', '0', '4', '', '0', '2020-11-28', NULL, NULL, NULL),
('1332353995028697088', '1', '09:30', '10:30', '1', '4', '', '0', '2020-11-28', NULL, NULL, NULL),
('1332353995435544576', '2', '10:00', '11:00', '1', '4', '', '0', '2020-11-28', NULL, NULL, NULL),
('1332353995846586368', '5', '08:00', '09:00', '1', '4', '', '0', '2020-11-28', NULL, NULL, NULL),
('1332353996249239552', '6', '09:30', '10:30', '1', '4', '', '0', '2020-11-28', NULL, NULL, NULL),
('1332353996656087040', '3', '14:00', '15:00', '1', '4', '', '0', '2020-11-28', NULL, NULL, NULL),
('1332353997062934528', '4', '15:30', '16:30', '1', '4', '', '0', '2020-11-28', NULL, NULL, NULL),
('1332353997473976320', '7', '17:00', '18:00', '1', '4', '', '0', '2020-11-28', NULL, NULL, NULL),
('1332353997880823808', '5', '14:00', '15:00', '0', '4', '', '0', '2020-11-28', NULL, NULL, NULL),
('1332353998329614336', '6', '15:30', '16:30', '0', '4', '', '0', '2020-11-28', NULL, NULL, NULL),
('1332353998732267520', '8', '17:00', '18:00', '0', '4', '', '0', '2020-11-28', NULL, NULL, NULL),
('1332353999134920704', '7', '20:00', '21:00', '0', '4', '', '0', '2020-11-28', NULL, NULL, NULL),
('1332353999537573888', '8', '20:00', '21:00', '1', '4', '', '0', '2020-11-28', NULL, NULL, NULL),
('1332353999952809984', '8', '24:00', '24:30', '0', '4', '', '0', '2020-11-28', NULL, NULL, NULL),
('1332716379140395008', '1', '08:00', '09:00', '0', '4', '', '0', '2020-11-29', NULL, NULL, NULL),
('1332716379572408320', '2', '08:30', '09:30', '0', '4', '', '0', '2020-11-29', NULL, NULL, NULL),
('1332716379983450112', '3', '09:00', '10:00', '0', '4', '', '0', '2020-11-29', NULL, NULL, NULL),
('1332716380398686208', '4', '09:30', '10:30', '0', '4', '', '0', '2020-11-29', NULL, NULL, NULL),
('1332716380809728000', '1', '09:30', '10:30', '1', '4', '', '0', '2020-11-29', NULL, NULL, NULL),
('1332716381220769792', '2', '10:00', '11:00', '1', '4', '', '0', '2020-11-29', NULL, NULL, NULL),
('1332716381627617280', '5', '08:00', '09:00', '1', '4', '', '0', '2020-11-29', NULL, NULL, NULL),
('1332716382034464768', '6', '09:30', '10:30', '1', '4', '', '0', '2020-11-29', NULL, NULL, NULL),
('1332716382453895168', '3', '14:00', '15:00', '1', '4', '', '0', '2020-11-29', NULL, NULL, NULL),
('1332716382877519872', '4', '15:30', '16:30', '1', '4', '', '0', '2020-11-29', NULL, NULL, NULL),
('1332716383288561664', '7', '17:00', '18:00', '1', '4', '', '0', '2020-11-29', NULL, NULL, NULL),
('1332716383733157888', '5', '14:00', '15:00', '0', '4', '', '0', '2020-11-29', NULL, NULL, NULL),
('1332716384148393984', '6', '15:30', '16:30', '0', '4', '', '0', '2020-11-29', NULL, NULL, NULL),
('1332716384559435776', '8', '17:00', '18:00', '0', '4', '', '0', '2020-11-29', NULL, NULL, NULL),
('1332716384970477568', '7', '20:00', '21:00', '0', '4', '', '0', '2020-11-29', NULL, NULL, NULL),
('1332716385389907968', '8', '20:00', '21:00', '1', '4', '', '0', '2020-11-29', NULL, NULL, NULL),
('1332716385800949760', '8', '24:00', '24:30', '0', '4', '2,6,7', '0', '2020-11-29', NULL, NULL, NULL),
('1333020044388601856', '1', '08:00', '09:00', '1', '4', '', '0', '2020-11-29', NULL, NULL, NULL),
('1333020046787743744', '2', '08:30', '09:30', '1', '4', '', '0', '2020-11-29', NULL, NULL, NULL),
('1333020049027502080', '3', '09:00', '10:00', '1', '4', '', '0', '2020-11-29', NULL, NULL, NULL),
('1333020051254677504', '4', '09:30', '10:30', '1', '4', '', '0', '2020-11-29', NULL, NULL, NULL),
('1333020053486047232', '1', '09:30', '10:30', '0', '4', '', '0', '2020-11-29', NULL, NULL, NULL),
('1333020059764920320', '2', '10:00', '11:00', '0', '4', '', '0', '2020-11-29', NULL, NULL, NULL),
('1333020070095491072', '5', '08:00', '09:00', '0', '4', '', '0', '2020-11-29', NULL, NULL, NULL),
('1333020072318472192', '6', '09:30', '10:30', '0', '4', '', '0', '2020-11-29', NULL, NULL, NULL),
('1333020074595979264', '3', '14:00', '15:00', '0', '4', '', '0', '2020-11-29', NULL, NULL, NULL),
('1333020082527408128', '4', '15:30', '16:30', '0', '4', '', '0', '2020-11-29', NULL, NULL, NULL),
('1333020084746194944', '7', '17:00', '18:00', '0', '4', '', '0', '2020-11-29', NULL, NULL, NULL),
('1333020086964981760', '5', '14:00', '15:00', '1', '4', '', '0', '2020-11-29', NULL, NULL, NULL),
('1333020089187962880', '6', '15:30', '16:30', '1', '4', '', '0', '2020-11-29', NULL, NULL, NULL),
('1333020094946742272', '8', '17:00', '18:00', '1', '4', '', '0', '2020-11-29', NULL, NULL, NULL),
('1333020106602713088', '7', '20:00', '21:00', '1', '4', '', '0', '2020-11-29', NULL, NULL, NULL),
('1333020108821499904', '8', '20:00', '21:00', '0', '4', '', '0', '2020-11-29', NULL, NULL, NULL),
('1333020113623977984', '8', '24:00', '24:30', '0', '4', '', '0', '2020-11-29', NULL, NULL, NULL),
('1333020910638206976', '1', '08:00', '09:00', '1', '4', '', '0', '2020-11-29', NULL, NULL, NULL),
('1333020933258088448', '2', '08:30', '09:30', '1', '4', '', '0', '2020-11-29', NULL, NULL, NULL),
('1333020943613825024', '3', '09:00', '10:00', '1', '4', '', '0', '2020-11-29', NULL, NULL, NULL),
('1333020945853583360', '4', '09:30', '10:30', '1', '4', '', '0', '2020-11-29', NULL, NULL, NULL),
('1333020948072370176', '1', '09:30', '10:30', '0', '4', '', '0', '2020-11-29', NULL, NULL, NULL),
('1333020950291156992', '2', '10:00', '11:00', '0', '4', '', '0', '2020-11-29', NULL, NULL, NULL),
('1333020952522526720', '5', '08:00', '09:00', '0', '4', '', '0', '2020-11-29', NULL, NULL, NULL),
('1333020954741313536', '6', '09:30', '10:30', '0', '4', '', '0', '2020-11-29', NULL, NULL, NULL),
('1333020959040475136', '3', '14:00', '15:00', '0', '4', '', '0', '2020-11-29', NULL, NULL, NULL),
('1333020961267650560', '4', '15:30', '16:30', '0', '4', '', '0', '2020-11-29', NULL, NULL, NULL),
('1333020963511603200', '7', '17:00', '18:00', '0', '4', '', '0', '2020-11-29', NULL, NULL, NULL),
('1333020967773016064', '5', '14:00', '15:00', '1', '4', '', '0', '2020-11-29', NULL, NULL, NULL),
('1333020974110609408', '6', '15:30', '16:30', '1', '4', '', '0', '2020-11-29', NULL, NULL, NULL),
('1333020982381776896', '8', '17:00', '18:00', '1', '4', '', '0', '2020-11-29', NULL, NULL, NULL),
('1333020984608952320', '7', '20:00', '21:00', '1', '4', '', '0', '2020-11-29', NULL, NULL, NULL),
('1333021002778677248', '8', '20:00', '21:00', '0', '4', '', '0', '2020-11-29', NULL, NULL, NULL),
('1333021005005852672', '8', '24:00', '24:30', '0', '4', '16', '0', '2020-11-29', NULL, NULL, NULL),
('1333078768985706496', '1', '08:00', '09:00', '0', '4', '', '0', '2020-11-30', NULL, NULL, NULL),
('1333078769400942592', '2', '08:30', '09:30', '0', '4', '', '0', '2020-11-30', NULL, NULL, NULL),
('1333078769807790080', '3', '09:00', '10:00', '0', '4', '', '0', '2020-11-30', NULL, NULL, NULL),
('1333078770210443264', '4', '09:30', '10:30', '0', '4', '', '0', '2020-11-30', NULL, NULL, NULL),
('1333078770613096448', '1', '09:30', '10:30', '1', '4', '', '0', '2020-11-30', NULL, NULL, NULL),
('1333078771019943936', '2', '10:00', '11:00', '1', '4', '', '0', '2020-11-30', NULL, NULL, NULL),
('1333078771422597120', '5', '08:00', '09:00', '1', '4', '', '0', '2020-11-30', NULL, NULL, NULL),
('1333078771829444608', '6', '09:30', '10:30', '1', '4', '', '0', '2020-11-30', NULL, NULL, NULL),
('1333078772236292096', '3', '14:00', '15:00', '1', '4', '', '0', '2020-11-30', NULL, NULL, NULL),
('1333078772638945280', '4', '15:30', '16:30', '1', '4', '', '0', '2020-11-30', NULL, NULL, NULL),
('1333078773041598464', '7', '17:00', '18:00', '1', '4', '', '0', '2020-11-30', NULL, NULL, NULL),
('1333078773448445952', '5', '14:00', '15:00', '0', '4', '', '0', '2020-11-30', NULL, NULL, NULL),
('1333078773859487744', '6', '15:30', '16:30', '0', '4', '', '0', '2020-11-30', NULL, NULL, NULL),
('1333078774262140928', '8', '17:00', '18:00', '0', '4', '', '0', '2020-11-30', NULL, NULL, NULL),
('1333078774664794112', '7', '20:00', '21:00', '0', '4', '', '0', '2020-11-30', NULL, NULL, NULL),
('1333078775067447296', '8', '20:00', '21:00', '1', '4', '', '0', '2020-11-30', NULL, NULL, NULL),
('1333078775474294784', '8', '24:00', '24:30', '0', '4', '', '0', '2020-11-30', NULL, NULL, NULL),
('1333441158378033152', '1', '08:00', '09:00', '0', '4', '', '0', '2020-12-01', NULL, NULL, NULL),
('1333441159040733184', '2', '08:30', '09:30', '0', '4', '', '0', '2020-12-01', NULL, NULL, NULL),
('1333441159690850304', '3', '09:00', '10:00', '0', '4', '', '0', '2020-12-01', NULL, NULL, NULL),
('1333441160336773120', '4', '09:30', '10:30', '0', '4', '', '0', '2020-12-01', NULL, NULL, NULL),
('1333441160991084544', '1', '09:30', '10:30', '1', '4', '', '0', '2020-12-01', NULL, NULL, NULL),
('1333441161641201664', '2', '10:00', '11:00', '1', '4', '', '0', '2020-12-01', NULL, NULL, NULL),
('1333441162291318784', '5', '08:00', '09:00', '1', '4', '', '0', '2020-12-01', NULL, NULL, NULL),
('1333441162916270080', '6', '09:30', '10:30', '1', '4', '', '0', '2020-12-01', NULL, NULL, NULL),
('1333441163537027072', '3', '14:00', '15:00', '1', '4', '', '0', '2020-12-01', NULL, NULL, NULL),
('1333441164170366976', '4', '15:30', '16:30', '1', '4', '', '0', '2020-12-01', NULL, NULL, NULL),
('1333441164820484096', '7', '17:00', '18:00', '1', '4', '', '0', '2020-12-01', NULL, NULL, NULL),
('1333441165462212608', '5', '14:00', '15:00', '0', '4', '', '0', '2020-12-01', NULL, NULL, NULL),
('1333441166103941120', '6', '15:30', '16:30', '0', '4', '', '0', '2020-12-01', NULL, NULL, NULL),
('1333441166741475328', '8', '17:00', '18:00', '0', '4', '', '0', '2020-12-01', NULL, NULL, NULL),
('1333441167358038016', '7', '20:00', '21:00', '0', '4', '', '0', '2020-12-01', NULL, NULL, NULL),
('1333441167991377920', '8', '20:00', '21:00', '1', '4', '', '0', '2020-12-01', NULL, NULL, NULL),
('1333441168637300736', '8', '24:00', '24:30', '0', '4', '', '0', '2020-12-01', NULL, NULL, NULL),
('1333803544817569792', '1', '08:00', '09:00', '0', '4', '', '0', '2020-12-02', NULL, NULL, NULL),
('1333803545245388800', '2', '08:30', '09:30', '0', '4', '', '0', '2020-12-02', NULL, NULL, NULL),
('1333803545652236288', '3', '09:00', '10:00', '0', '4', '', '0', '2020-12-02', NULL, NULL, NULL),
('1333803546054889472', '4', '09:30', '10:30', '0', '4', '', '0', '2020-12-02', NULL, NULL, NULL),
('1333803546465931264', '1', '09:30', '10:30', '1', '4', '', '0', '2020-12-02', NULL, NULL, NULL),
('1333803546872778752', '2', '10:00', '11:00', '1', '4', '', '0', '2020-12-02', NULL, NULL, NULL),
('1333803547275431936', '5', '08:00', '09:00', '1', '4', '', '0', '2020-12-02', NULL, NULL, NULL),
('1333803547694862336', '6', '09:30', '10:30', '1', '4', '', '0', '2020-12-02', NULL, NULL, NULL),
('1333803548101709824', '3', '14:00', '15:00', '1', '4', '', '0', '2020-12-02', NULL, NULL, NULL),
('1333803548550500352', '4', '15:30', '16:30', '1', '4', '', '0', '2020-12-02', NULL, NULL, NULL),
('1333803548961542144', '7', '17:00', '18:00', '1', '4', '', '0', '2020-12-02', NULL, NULL, NULL),
('1333803549368389632', '5', '14:00', '15:00', '0', '4', '', '0', '2020-12-02', NULL, NULL, NULL),
('1333803549771042816', '6', '15:30', '16:30', '0', '4', '', '0', '2020-12-02', NULL, NULL, NULL),
('1333803550182084608', '8', '17:00', '18:00', '0', '4', '', '0', '2020-12-02', NULL, NULL, NULL),
('1333803550584737792', '7', '20:00', '21:00', '0', '4', '', '0', '2020-12-02', NULL, NULL, NULL),
('1333803550991585280', '8', '20:00', '21:00', '1', '4', '', '0', '2020-12-02', NULL, NULL, NULL),
('1333803551402627072', '8', '24:00', '24:30', '0', '4', '', '0', '2020-12-02', NULL, NULL, NULL),
('1333985586742169600', '1', '08:00', '09:00', '1', '4', '', '0', '2020-12-02', NULL, NULL, NULL),
('1333985591213297664', '2', '08:30', '09:30', '1', '4', '', '0', '2020-12-02', NULL, NULL, NULL),
('1333985593419501568', '3', '09:00', '10:00', '1', '4', '', '0', '2020-12-02', NULL, NULL, NULL),
('1333985595655065600', '4', '09:30', '10:30', '1', '4', '', '0', '2020-12-02', NULL, NULL, NULL),
('1333985603464859648', '1', '09:30', '10:30', '0', '4', '', '0', '2020-12-02', NULL, NULL, NULL),
('1333985605683646464', '2', '10:00', '11:00', '0', '4', '', '0', '2020-12-02', NULL, NULL, NULL),
('1333985607952764928', '5', '08:00', '09:00', '0', '4', '', '0', '2020-12-02', NULL, NULL, NULL),
('1333985610188328960', '6', '09:30', '10:30', '0', '4', '', '0', '2020-12-02', NULL, NULL, NULL),
('1333985615842250752', '3', '14:00', '15:00', '1', '4', '', '0', '2020-12-02', NULL, NULL, NULL),
('1333985620862832640', '4', '15:30', '16:30', '1', '4', '', '0', '2020-12-02', NULL, NULL, NULL),
('1333985625497538560', '7', '17:00', '18:00', '1', '4', '', '0', '2020-12-02', NULL, NULL, NULL),
('1333985627737296896', '5', '14:00', '15:00', '0', '4', '', '0', '2020-12-02', NULL, NULL, NULL),
('1333985630010609664', '6', '15:30', '16:30', '0', '4', '', '0', '2020-12-02', NULL, NULL, NULL),
('1333985632275533824', '8', '17:00', '18:00', '0', '4', '', '0', '2020-12-02', NULL, NULL, NULL),
('1333985634506903552', '7', '20:00', '21:00', '0', '4', '', '0', '2020-12-02', NULL, NULL, NULL),
('1333985636750856192', '8', '20:00', '21:00', '1', '4', '', '0', '2020-12-02', NULL, NULL, NULL),
('1333985641037434880', '8', '24:00', '24:30', '0', '4', '', '0', '2020-12-02', NULL, NULL, NULL),
('1333986132077187072', '1', '08:00', '09:00', '1', '4', '', '0', '2020-12-02', NULL, NULL, NULL),
('1333986137164877824', '2', '08:30', '09:30', '1', '4', '', '0', '2020-12-02', NULL, NULL, NULL),
('1333986139438190592', '3', '09:00', '10:00', '1', '4', '', '0', '2020-12-02', NULL, NULL, NULL),
('1333986141665366016', '4', '09:30', '10:30', '1', '4', '', '0', '2020-12-02', NULL, NULL, NULL),
('1333986146136494080', '1', '09:30', '10:30', '0', '4', '', '0', '2020-12-02', NULL, NULL, NULL),
('1333986148338503680', '2', '10:00', '11:00', '0', '4', '', '0', '2020-12-02', NULL, NULL, NULL),
('1333986150599233536', '5', '08:00', '09:00', '0', '4', '', '0', '2020-12-02', NULL, NULL, NULL),
('1333986152843186176', '6', '09:30', '10:30', '0', '4', '', '0', '2020-12-02', NULL, NULL, NULL),
('1333986155053584384', '3', '14:00', '15:00', '1', '4', '', '0', '2020-12-02', NULL, NULL, NULL),
('1333986157255593984', '4', '15:30', '16:30', '1', '4', '', '0', '2020-12-02', NULL, NULL, NULL),
('1333986159499546624', '7', '17:00', '18:00', '1', '4', '', '0', '2020-12-02', NULL, NULL, NULL),
('1333986161730916352', '5', '14:00', '15:00', '0', '4', '', '0', '2020-12-02', NULL, NULL, NULL),
('1333986166051049472', '6', '15:30', '16:30', '0', '4', '', '0', '2020-12-02', NULL, NULL, NULL),
('1333986176343871488', '8', '17:00', '18:00', '0', '4', '', '0', '2020-12-02', NULL, NULL, NULL),
('1333986178583629824', '7', '20:00', '21:00', '0', '4', '', '0', '2020-12-02', NULL, NULL, NULL),
('1333986182912151552', '8', '20:00', '21:00', '1', '4', '', '0', '2020-12-02', NULL, NULL, NULL),
('1333986187278422016', '8', '24:00', '24:30', '0', '4', '', '0', '2020-12-02', NULL, NULL, NULL),
('1333986690401964032', '1', '08:00', '09:00', '1', '4', '', '0', '2020-12-02', NULL, NULL, NULL),
('1333986692742385664', '2', '08:30', '09:30', '1', '4', '', '0', '2020-12-02', NULL, NULL, NULL),
('1333986694973755392', '3', '09:00', '10:00', '1', '4', '', '0', '2020-12-02', NULL, NULL, NULL),
('1333986704922644480', '4', '09:30', '10:30', '1', '4', '', '0', '2020-12-02', NULL, NULL, NULL),
('1333986713185423360', '1', '09:30', '10:30', '0', '4', '', '0', '2020-12-02', NULL, NULL, NULL),
('1333986715433570304', '2', '10:00', '11:00', '0', '4', '', '0', '2020-12-02', NULL, NULL, NULL),
('1333986717660745728', '5', '08:00', '09:00', '0', '4', '', '0', '2020-12-02', NULL, NULL, NULL),
('1333986719959224320', '6', '09:30', '10:30', '0', '4', '', '0', '2020-12-02', NULL, NULL, NULL),
('1333986722211565568', '3', '14:00', '15:00', '1', '4', '', '0', '2020-12-02', NULL, NULL, NULL),
('1333986726544281600', '4', '15:30', '16:30', '1', '4', '', '0', '2020-12-02', NULL, NULL, NULL),
('1333986729073446912', '7', '17:00', '18:00', '1', '4', '', '0', '2020-12-02', NULL, NULL, NULL),
('1333986731321593856', '5', '14:00', '15:00', '0', '4', '', '0', '2020-12-02', NULL, NULL, NULL),
('1333986733578129408', '6', '15:30', '16:30', '0', '4', '', '0', '2020-12-02', NULL, NULL, NULL),
('1333986735788527616', '8', '17:00', '18:00', '0', '4', '', '0', '2020-12-02', NULL, NULL, NULL),
('1333986742071595008', '7', '20:00', '21:00', '0', '4', '', '0', '2020-12-02', NULL, NULL, NULL),
('1333986744302964736', '8', '20:00', '21:00', '1', '4', '', '0', '2020-12-02', NULL, NULL, NULL),
('1333986750602809344', '8', '24:00', '24:30', '0', '4', '', '0', '2020-12-02', NULL, NULL, NULL),
('1334165930586017792', '1', '08:00', '09:00', '0', '4', '', '0', '2020-12-03', NULL, NULL, NULL),
('1334165931051585536', '2', '08:30', '09:30', '0', '4', '', '0', '2020-12-03', NULL, NULL, NULL),
('1334165931454238720', '3', '09:00', '10:00', '0', '4', '', '0', '2020-12-03', NULL, NULL, NULL),
('1334165931852697600', '4', '09:30', '10:30', '0', '4', '', '0', '2020-12-03', NULL, NULL, NULL),
('1334165932255350784', '1', '09:30', '10:30', '1', '4', '', '0', '2020-12-03', NULL, NULL, NULL),
('1334165932658003968', '2', '10:00', '11:00', '1', '4', '', '0', '2020-12-03', NULL, NULL, NULL),
('1334165933060657152', '5', '08:00', '09:00', '1', '4', '', '0', '2020-12-03', NULL, NULL, NULL),
('1334165933463310336', '6', '09:30', '10:30', '1', '4', '', '0', '2020-12-03', NULL, NULL, NULL),
('1334165933865963520', '3', '14:00', '15:00', '1', '4', '', '0', '2020-12-03', NULL, NULL, NULL),
('1334165934268616704', '4', '15:30', '16:30', '1', '4', '', '0', '2020-12-03', NULL, NULL, NULL),
('1334165934671269888', '7', '17:00', '18:00', '1', '4', '', '0', '2020-12-03', NULL, NULL, NULL),
('1334165935069728768', '5', '14:00', '15:00', '0', '4', '', '0', '2020-12-03', NULL, NULL, NULL),
('1334165935472381952', '6', '15:30', '16:30', '0', '4', '', '0', '2020-12-03', NULL, NULL, NULL),
('1334165935887618048', '8', '17:00', '18:00', '0', '4', '', '0', '2020-12-03', NULL, NULL, NULL),
('1334165936294465536', '7', '20:00', '21:00', '0', '4', '', '0', '2020-12-03', NULL, NULL, NULL),
('1334165936701313024', '8', '20:00', '21:00', '1', '4', '', '0', '2020-12-03', NULL, NULL, NULL),
('1334165937103966208', '8', '24:00', '24:30', '0', '4', '', '0', '2020-12-03', NULL, NULL, NULL),
('1334528320469078016', '1', '08:00', '09:00', '0', '4', '', '0', '2020-12-04', NULL, NULL, NULL),
('1334528321031114752', '2', '08:30', '09:30', '0', '4', '', '0', '2020-12-04', NULL, NULL, NULL),
('1334528321442156544', '3', '09:00', '10:00', '0', '4', '', '0', '2020-12-04', NULL, NULL, NULL),
('1334528321849004032', '4', '09:30', '10:30', '0', '4', '', '0', '2020-12-04', NULL, NULL, NULL),
('1334528322251657216', '1', '09:30', '10:30', '1', '4', '', '0', '2020-12-04', NULL, NULL, NULL),
('1334528322654310400', '2', '10:00', '11:00', '1', '4', '', '0', '2020-12-04', NULL, NULL, NULL),
('1334528323061157888', '5', '08:00', '09:00', '1', '4', '', '0', '2020-12-04', NULL, NULL, NULL),
('1334528323463811072', '6', '09:30', '10:30', '1', '4', '', '0', '2020-12-04', NULL, NULL, NULL),
('1334528323866464256', '3', '14:00', '15:00', '1', '4', '', '0', '2020-12-04', NULL, NULL, NULL),
('1334528324269117440', '4', '15:30', '16:30', '1', '4', '', '0', '2020-12-04', NULL, NULL, NULL),
('1334528324688547840', '7', '17:00', '18:00', '1', '4', '', '0', '2020-12-04', NULL, NULL, NULL),
('1334528325091201024', '5', '14:00', '15:00', '0', '4', '', '0', '2020-12-04', NULL, NULL, NULL),
('1334528325498048512', '6', '15:30', '16:30', '0', '4', '', '0', '2020-12-04', NULL, NULL, NULL),
('1334528325930061824', '8', '17:00', '18:00', '0', '4', '', '0', '2020-12-04', NULL, NULL, NULL),
('1334528326341103616', '7', '20:00', '21:00', '0', '4', '', '0', '2020-12-04', NULL, NULL, NULL),
('1334528326743756800', '8', '20:00', '21:00', '1', '4', '', '0', '2020-12-04', NULL, NULL, NULL),
('1334528327146409984', '8', '24:00', '24:30', '0', '4', '', '0', '2020-12-04', NULL, NULL, NULL),
('1334890708393398272', '1', '08:00', '09:00', '0', '4', '', '0', '2020-12-05', NULL, NULL, NULL),
('1334890708812828672', '2', '08:30', '09:30', '0', '4', '', '0', '2020-12-05', NULL, NULL, NULL),
('1334890709215481856', '3', '09:00', '10:00', '0', '4', '', '0', '2020-12-05', NULL, NULL, NULL),
('1334890709618135040', '4', '09:30', '10:30', '0', '4', '', '0', '2020-12-05', NULL, NULL, NULL),
('1334890710024982528', '1', '09:30', '10:30', '1', '4', '', '0', '2020-12-05', NULL, NULL, NULL),
('1334890710427635712', '2', '10:00', '11:00', '1', '4', '', '0', '2020-12-05', NULL, NULL, NULL),
('1334890710834483200', '5', '08:00', '09:00', '1', '4', '', '0', '2020-12-05', NULL, NULL, NULL),
('1334890711237136384', '6', '09:30', '10:30', '1', '4', '', '0', '2020-12-05', NULL, NULL, NULL),
('1334890711748841472', '3', '14:00', '15:00', '1', '4', '', '0', '2020-12-05', NULL, NULL, NULL),
('1334890712172466176', '4', '15:30', '16:30', '1', '4', '', '0', '2020-12-05', NULL, NULL, NULL),
('1334890712604479488', '7', '17:00', '18:00', '1', '4', '', '0', '2020-12-05', NULL, NULL, NULL),
('1334890713032298496', '5', '14:00', '15:00', '0', '4', '', '0', '2020-12-05', NULL, NULL, NULL),
('1334890713439145984', '6', '15:30', '16:30', '0', '4', '', '0', '2020-12-05', NULL, NULL, NULL),
('1334890713841799168', '8', '17:00', '18:00', '0', '4', '', '0', '2020-12-05', NULL, NULL, NULL),
('1334890714261229568', '7', '20:00', '21:00', '0', '4', '', '0', '2020-12-05', NULL, NULL, NULL),
('1334890714663882752', '8', '20:00', '21:00', '1', '4', '', '0', '2020-12-05', NULL, NULL, NULL),
('1334890715070730240', '8', '24:00', '24:30', '0', '4', '', '0', '2020-12-05', NULL, NULL, NULL),
('1335253096170917888', '1', '08:00', '09:00', '0', '4', '', '0', '2020-12-06', NULL, NULL, NULL),
('1335253096590348288', '2', '08:30', '09:30', '3', '4', '', '0', '2020-12-06', NULL, NULL, NULL),
('1335253097001390080', '3', '09:00', '10:00', '1', '4', '', '0', '2020-12-06', NULL, NULL, NULL),
('1335253097437597696', '4', '09:30', '10:30', '1', '4', '', '0', '2020-12-06', NULL, NULL, NULL),
('1335253097840250880', '1', '09:30', '10:30', '0', '4', '', '0', '2020-12-06', NULL, NULL, NULL),
('1335253098238709760', '2', '10:00', '11:00', '0', '4', '', '0', '2020-12-06', NULL, NULL, NULL),
('1335253098641362944', '5', '08:00', '09:00', '2', '4', '', '0', '2020-12-06', NULL, NULL, NULL),
('1335253099044016128', '6', '09:30', '10:30', '0', '4', '', '0', '2020-12-06', NULL, NULL, NULL),
('1335253099450863616', '3', '14:00', '15:00', '2', '4', '', '0', '2020-12-06', NULL, NULL, NULL),
('1335253099849322496', '4', '15:30', '16:30', '0', '4', '', '0', '2020-12-06', NULL, NULL, NULL),
('1335253100256169984', '7', '17:00', '18:00', '0', '4', '', '0', '2020-12-06', NULL, NULL, NULL),
('1335253100658823168', '5', '14:00', '15:00', '1', '4', '', '0', '2020-12-06', NULL, NULL, NULL),
('1335253101061476352', '6', '15:30', '16:30', '1', '4', '', '0', '2020-12-06', NULL, NULL, NULL),
('1335253101459935232', '8', '17:00', '18:00', '1', '4', '', '0', '2020-12-06', NULL, NULL, NULL),
('1335253101896142848', '7', '20:00', '21:00', '3', '4', '', '0', '2020-12-06', NULL, NULL, NULL),
('1335253102315573248', '8', '20:00', '21:00', '0', '4', '', '0', '2020-12-06', NULL, NULL, NULL),
('1335253102714032128', '8', '24:00', '24:30', '0', '4', '', '0', '2020-12-06', NULL, NULL, NULL),
('1335615482098749440', '1', '08:00', '09:00', '1', '4', '', '0', '2020-12-07', NULL, NULL, NULL),
('1335977871948255232', '1', '08:00', '09:00', '0', '4', '', '0', '2020-12-08', NULL, NULL, NULL),
('1335977872376074240', '2', '08:30', '09:30', '0', '4', '', '0', '2020-12-08', NULL, NULL, NULL),
('1335977872791310336', '3', '09:00', '10:00', '0', '4', '', '0', '2020-12-08', NULL, NULL, NULL),
('1335977873206546432', '4', '09:30', '10:30', '0', '4', '', '0', '2020-12-08', NULL, NULL, NULL),
('1335977873617588224', '1', '09:30', '10:30', '1', '4', '', '0', '2020-12-08', NULL, NULL, NULL),
('1335977874028630016', '2', '10:00', '11:00', '1', '4', '', '0', '2020-12-08', NULL, NULL, NULL),
('1335977874439671808', '5', '08:00', '09:00', '1', '4', '', '0', '2020-12-08', NULL, NULL, NULL),
('1335977874850713600', '6', '09:30', '10:30', '1', '4', '', '0', '2020-12-08', NULL, NULL, NULL),
('1335977875261755392', '3', '14:00', '15:00', '1', '4', '', '0', '2020-12-08', NULL, NULL, NULL),
('1335977875676991488', '4', '15:30', '16:30', '1', '4', '', '0', '2020-12-08', NULL, NULL, NULL),
('1335977876092227584', '7', '17:00', '18:00', '1', '4', '', '0', '2020-12-08', NULL, NULL, NULL),
('1335977876553601024', '5', '14:00', '15:00', '0', '4', '', '0', '2020-12-08', NULL, NULL, NULL),
('1335977876964642816', '6', '15:30', '16:30', '0', '4', '', '0', '2020-12-08', NULL, NULL, NULL),
('1335977877379878912', '8', '17:00', '18:00', '0', '4', '', '0', '2020-12-08', NULL, NULL, NULL),
('1335977877811892224', '7', '20:00', '21:00', '0', '4', '', '0', '2020-12-08', NULL, NULL, NULL),
('1335977878227128320', '8', '20:00', '21:00', '1', '4', '', '0', '2020-12-08', NULL, NULL, NULL),
('1335977878638170112', '8', '24:00', '24:30', '0', '4', '', '0', '2020-12-08', NULL, NULL, NULL),
('1336340259750940672', '1', '08:00', '09:00', '0', '4', '', '0', '2020-12-09', NULL, NULL, NULL),
('1336340260153593856', '2', '08:30', '09:30', '0', '4', '', '0', '2020-12-09', NULL, NULL, NULL),
('1336340260711436288', '3', '09:00', '10:00', '0', '4', '', '0', '2020-12-09', NULL, NULL, NULL),
('1336340261109895168', '4', '09:30', '10:30', '0', '4', '', '0', '2020-12-09', NULL, NULL, NULL),
('1336340261504159744', '1', '09:30', '10:30', '1', '4', '', '0', '2020-12-09', NULL, NULL, NULL),
('1336340261902618624', '2', '10:00', '11:00', '1', '4', '', '0', '2020-12-09', NULL, NULL, NULL),
('1336340262296883200', '5', '08:00', '09:00', '1', '4', '', '0', '2020-12-09', NULL, NULL, NULL),
('1336340262691147776', '6', '09:30', '10:30', '1', '4', '', '0', '2020-12-09', NULL, NULL, NULL),
('1336340263089606656', '3', '14:00', '15:00', '1', '4', '', '0', '2020-12-09', NULL, NULL, NULL),
('1336340263483871232', '4', '15:30', '16:30', '1', '4', '', '0', '2020-12-09', NULL, NULL, NULL),
('1336340263878135808', '7', '17:00', '18:00', '1', '4', '', '0', '2020-12-09', NULL, NULL, NULL),
('1336340264276594688', '5', '14:00', '15:00', '0', '4', '', '0', '2020-12-09', NULL, NULL, NULL),
('1336340264683442176', '6', '15:30', '16:30', '0', '4', '', '0', '2020-12-09', NULL, NULL, NULL),
('1336340265077706752', '8', '17:00', '18:00', '0', '4', '', '0', '2020-12-09', NULL, NULL, NULL),
('1336340265488748544', '7', '20:00', '21:00', '0', '4', '', '0', '2020-12-09', NULL, NULL, NULL),
('1336340265883013120', '8', '20:00', '21:00', '1', '4', '', '0', '2020-12-09', NULL, NULL, NULL),
('1336340266281472000', '8', '24:00', '24:30', '0', '4', '', '0', '2020-12-09', NULL, NULL, NULL),
('1336702648589619200', '1', '08:00', '09:00', '0', '4', '', '0', '2020-12-10', NULL, NULL, NULL),
('1336702649004855296', '2', '08:30', '09:30', '0', '4', '', '0', '2020-12-10', NULL, NULL, NULL),
('1336702649403314176', '3', '09:00', '10:00', '0', '4', '', '0', '2020-12-10', NULL, NULL, NULL),
('1336702649801773056', '4', '09:30', '10:30', '0', '4', '', '0', '2020-12-10', NULL, NULL, NULL),
('1336702650200231936', '1', '09:30', '10:30', '1', '4', '', '0', '2020-12-10', NULL, NULL, NULL),
('1336702650602885120', '2', '10:00', '11:00', '1', '4', '', '0', '2020-12-10', NULL, NULL, NULL),
('1336702650997149696', '5', '08:00', '09:00', '1', '4', '', '0', '2020-12-10', NULL, NULL, NULL),
('1336702651399802880', '6', '09:30', '10:30', '1', '4', '', '0', '2020-12-10', NULL, NULL, NULL),
('1336702651848593408', '3', '14:00', '15:00', '1', '4', '', '0', '2020-12-10', NULL, NULL, NULL),
('1336702652247052288', '4', '15:30', '16:30', '1', '4', '', '0', '2020-12-10', NULL, NULL, NULL),
('1336702652645511168', '7', '17:00', '18:00', '1', '4', '', '0', '2020-12-10', NULL, NULL, NULL),
('1336702653039775744', '5', '14:00', '15:00', '0', '4', '', '0', '2020-12-10', NULL, NULL, NULL),
('1336702653438234624', '6', '15:30', '16:30', '0', '4', '', '0', '2020-12-10', NULL, NULL, NULL),
('1336702653832499200', '8', '17:00', '18:00', '0', '4', '', '0', '2020-12-10', NULL, NULL, NULL),
('1336702654226763776', '7', '20:00', '21:00', '0', '4', '', '0', '2020-12-10', NULL, NULL, NULL),
('1336702654621028352', '8', '20:00', '21:00', '1', '4', '', '0', '2020-12-10', NULL, NULL, NULL),
('1336702655048847360', '8', '24:00', '24:30', '0', '4', '', '0', '2020-12-10', NULL, NULL, NULL),
('1337065035519889408', '1', '08:00', '09:00', '0', '4', '', '0', '2020-12-11', NULL, NULL, NULL),
('1337065035947708416', '2', '08:30', '09:30', '0', '4', '', '0', '2020-12-11', NULL, NULL, NULL),
('1337065036354555904', '3', '09:00', '10:00', '0', '4', '', '0', '2020-12-11', NULL, NULL, NULL),
('1337065036765597696', '4', '09:30', '10:30', '0', '4', '', '0', '2020-12-11', NULL, NULL, NULL),
('1337065037172445184', '1', '09:30', '10:30', '1', '4', '', '0', '2020-12-11', NULL, NULL, NULL),
('1337065037583486976', '2', '10:00', '11:00', '1', '4', '', '0', '2020-12-11', NULL, NULL, NULL),
('1337065037990334464', '5', '08:00', '09:00', '1', '4', '', '0', '2020-12-11', NULL, NULL, NULL),
('1337065038405570560', '6', '09:30', '10:30', '1', '4', '', '0', '2020-12-11', NULL, NULL, NULL),
('1337065038837583872', '3', '14:00', '15:00', '1', '4', '', '0', '2020-12-11', NULL, NULL, NULL),
('1337065039244431360', '4', '15:30', '16:30', '1', '4', '', '0', '2020-12-11', NULL, NULL, NULL),
('1337065039655473152', '7', '17:00', '18:00', '1', '4', '', '0', '2020-12-11', NULL, NULL, NULL),
('1337065040066514944', '5', '14:00', '15:00', '0', '4', '', '0', '2020-12-11', NULL, NULL, NULL),
('1337065040477556736', '6', '15:30', '16:30', '0', '4', '', '0', '2020-12-11', NULL, NULL, NULL),
('1337065040888598528', '8', '17:00', '18:00', '0', '4', '', '0', '2020-12-11', NULL, NULL, NULL),
('1337065041299640320', '7', '20:00', '21:00', '0', '4', '', '0', '2020-12-11', NULL, NULL, NULL),
('1337065041819734016', '8', '20:00', '21:00', '1', '4', '', '0', '2020-12-11', NULL, NULL, NULL),
('1337065042226581504', '8', '24:00', '24:30', '0', '4', '', '0', '2020-12-11', NULL, NULL, NULL),
('1337427423607787520', '1', '08:00', '09:00', '0', '4', '', '0', '2020-12-12', NULL, NULL, NULL),
('1337427424027217920', '2', '08:30', '09:30', '0', '4', '', '0', '2020-12-12', NULL, NULL, NULL),
('1337427424434065408', '3', '09:00', '10:00', '0', '4', '', '0', '2020-12-12', NULL, NULL, NULL),
('1337427424845107200', '4', '09:30', '10:30', '0', '4', '', '0', '2020-12-12', NULL, NULL, NULL),
('1337427425256148992', '1', '09:30', '10:30', '1', '4', '', '0', '2020-12-12', NULL, NULL, NULL),
('1337427425667190784', '2', '10:00', '11:00', '1', '4', '', '0', '2020-12-12', NULL, NULL, NULL),
('1337427426078232576', '5', '08:00', '09:00', '1', '4', '', '0', '2020-12-12', NULL, NULL, NULL),
('1337427426489274368', '6', '09:30', '10:30', '1', '4', '', '0', '2020-12-12', NULL, NULL, NULL),
('1337427426900316160', '3', '14:00', '15:00', '1', '4', '', '0', '2020-12-12', NULL, NULL, NULL),
('1337427427307163648', '4', '15:30', '16:30', '1', '4', '', '0', '2020-12-12', NULL, NULL, NULL),
('1337427427755954176', '7', '17:00', '18:00', '1', '4', '', '0', '2020-12-12', NULL, NULL, NULL),
('1337427428162801664', '5', '14:00', '15:00', '0', '4', '', '0', '2020-12-12', NULL, NULL, NULL),
('1337427428578037760', '6', '15:30', '16:30', '0', '4', '', '0', '2020-12-12', NULL, NULL, NULL),
('1337427429014245376', '8', '17:00', '18:00', '0', '4', '', '0', '2020-12-12', NULL, NULL, NULL),
('1337427429425287168', '7', '20:00', '21:00', '0', '4', '', '0', '2020-12-12', NULL, NULL, NULL),
('1337427429836328960', '8', '20:00', '21:00', '1', '4', '', '0', '2020-12-12', NULL, NULL, NULL),
('1337427430247370752', '8', '24:00', '24:30', '0', '4', '', '0', '2020-12-12', NULL, NULL, NULL),
('1337789811293032448', '1', '08:00', '09:00', '0', '4', '', '0', '2020-12-13', NULL, NULL, NULL),
('1337789811708268544', '2', '08:30', '09:30', '0', '4', '', '0', '2020-12-13', NULL, NULL, NULL),
('1337789812500992000', '3', '09:00', '10:00', '0', '4', '', '0', '2020-12-13', NULL, NULL, NULL),
('1337789812907839488', '4', '09:30', '10:30', '0', '4', '', '0', '2020-12-13', NULL, NULL, NULL),
('1337789813314686976', '1', '09:30', '10:30', '1', '4', '', '0', '2020-12-13', NULL, NULL, NULL),
('1337789813721534464', '2', '10:00', '11:00', '1', '4', '', '0', '2020-12-13', NULL, NULL, NULL),
('1337789814199685120', '5', '08:00', '09:00', '1', '4', '', '0', '2020-12-13', NULL, NULL, NULL),
('1337789814602338304', '6', '09:30', '10:30', '1', '4', '', '0', '2020-12-13', NULL, NULL, NULL),
('1337789815009185792', '3', '14:00', '15:00', '1', '4', '', '0', '2020-12-13', NULL, NULL, NULL),
('1337789815411838976', '4', '15:30', '16:30', '1', '4', '', '0', '2020-12-13', NULL, NULL, NULL),
('1337789815814492160', '7', '17:00', '18:00', '1', '4', '', '0', '2020-12-13', NULL, NULL, NULL),
('1337789816217145344', '5', '14:00', '15:00', '0', '4', '', '0', '2020-12-13', NULL, NULL, NULL),
('1337789816619798528', '6', '15:30', '16:30', '0', '4', '', '0', '2020-12-13', NULL, NULL, NULL),
('1337789817022451712', '8', '17:00', '18:00', '0', '4', '', '0', '2020-12-13', NULL, NULL, NULL),
('1337789817425104896', '7', '20:00', '21:00', '0', '4', '', '0', '2020-12-13', NULL, NULL, NULL),
('1337789817831952384', '8', '20:00', '21:00', '1', '4', '', '0', '2020-12-13', NULL, NULL, NULL),
('1337789818234605568', '8', '24:00', '24:30', '0', '4', '', '0', '2020-12-13', NULL, NULL, NULL),
('1338152197116006400', '1', '08:00', '09:00', '0', '4', '', '0', '2020-12-14', NULL, NULL, NULL),
('1338152197543825408', '2', '08:30', '09:30', '0', '4', '', '0', '2020-12-14', NULL, NULL, NULL),
('1338152197950672896', '3', '09:00', '10:00', '0', '4', '', '0', '2020-12-14', NULL, NULL, NULL),
('1338152198361714688', '4', '09:30', '10:30', '0', '4', '', '0', '2020-12-14', NULL, NULL, NULL),
('1338152198772756480', '1', '09:30', '10:30', '1', '4', '', '0', '2020-12-14', NULL, NULL, NULL),
('1338152199200575488', '2', '10:00', '11:00', '1', '4', '', '0', '2020-12-14', NULL, NULL, NULL),
('1338152199607422976', '5', '08:00', '09:00', '1', '4', '', '0', '2020-12-14', NULL, NULL, NULL),
('1338152200018464768', '6', '09:30', '10:30', '1', '4', '', '0', '2020-12-14', NULL, NULL, NULL),
('1338152200433700864', '3', '14:00', '15:00', '1', '4', '', '0', '2020-12-14', NULL, NULL, NULL),
('1338152200924434432', '4', '15:30', '16:30', '1', '4', '', '0', '2020-12-14', NULL, NULL, NULL),
('1338152201339670528', '7', '17:00', '18:00', '1', '4', '', '0', '2020-12-14', NULL, NULL, NULL),
('1338152201763295232', '5', '14:00', '15:00', '0', '4', '', '0', '2020-12-14', NULL, NULL, NULL),
('1338152202174337024', '6', '15:30', '16:30', '0', '4', '', '0', '2020-12-14', NULL, NULL, NULL),
('1338152202585378816', '8', '17:00', '18:00', '0', '4', '', '0', '2020-12-14', NULL, NULL, NULL),
('1338152203009003520', '7', '20:00', '21:00', '0', '4', '', '0', '2020-12-14', NULL, NULL, NULL),
('1338152203424239616', '8', '20:00', '21:00', '1', '4', '', '0', '2020-12-14', NULL, NULL, NULL),
('1338152203835281408', '8', '24:00', '24:30', '0', '4', '', '0', '2020-12-14', NULL, NULL, NULL),
('1338514586973900800', '1', '08:00', '09:00', '0', '4', '', '0', '2020-12-15', NULL, NULL, NULL),
('1338514587384942592', '2', '08:30', '09:30', '0', '4', '', '0', '2020-12-15', NULL, NULL, NULL),
('1338514587791790080', '3', '09:00', '10:00', '0', '4', '', '0', '2020-12-15', NULL, NULL, NULL),
('1338514588198637568', '4', '09:30', '10:30', '0', '4', '', '0', '2020-12-15', NULL, NULL, NULL),
('1338514588609679360', '1', '09:30', '10:30', '1', '4', '', '0', '2020-12-15', NULL, NULL, NULL),
('1338514589016526848', '2', '10:00', '11:00', '1', '4', '', '0', '2020-12-15', NULL, NULL, NULL),
('1338514589427568640', '5', '08:00', '09:00', '1', '4', '', '0', '2020-12-15', NULL, NULL, NULL),
('1338514589834416128', '6', '09:30', '10:30', '1', '4', '', '0', '2020-12-15', NULL, NULL, NULL),
('1338514590245457920', '3', '14:00', '15:00', '1', '4', '', '0', '2020-12-15', NULL, NULL, NULL),
('1338514590648111104', '4', '15:30', '16:30', '1', '4', '', '0', '2020-12-15', NULL, NULL, NULL),
('1338514591080124416', '7', '17:00', '18:00', '1', '4', '', '0', '2020-12-15', NULL, NULL, NULL),
('1338514591486971904', '5', '14:00', '15:00', '0', '4', '', '0', '2020-12-15', NULL, NULL, NULL),
('1338514591918985216', '6', '15:30', '16:30', '0', '4', '', '0', '2020-12-15', NULL, NULL, NULL),
('1338514592325832704', '8', '17:00', '18:00', '0', '4', '', '0', '2020-12-15', NULL, NULL, NULL),
('1338514592728485888', '7', '20:00', '21:00', '0', '4', '', '0', '2020-12-15', NULL, NULL, NULL),
('1338514593131139072', '8', '20:00', '21:00', '1', '4', '', '0', '2020-12-15', NULL, NULL, NULL),
('1338514593537986560', '8', '24:00', '24:30', '0', '4', '', '0', '2020-12-15', NULL, NULL, NULL),
('1338876974847889408', '1', '08:00', '09:00', '0', '4', '', '0', '2020-12-16', NULL, NULL, NULL),
('1338876975292485632', '2', '08:30', '09:30', '0', '4', '', '0', '2020-12-16', NULL, NULL, NULL),
('1338876975695138816', '3', '09:00', '10:00', '0', '4', '', '0', '2020-12-16', NULL, NULL, NULL),
('1338876976101986304', '4', '09:30', '10:30', '0', '4', '', '0', '2020-12-16', NULL, NULL, NULL),
('1338876976504639488', '1', '09:30', '10:30', '1', '4', '', '0', '2020-12-16', NULL, NULL, NULL),
('1338876976903098368', '2', '10:00', '11:00', '1', '4', '', '0', '2020-12-16', NULL, NULL, NULL),
('1338876977309945856', '5', '08:00', '09:00', '1', '4', '', '0', '2020-12-16', NULL, NULL, NULL),
('1338876977712599040', '6', '09:30', '10:30', '1', '4', '', '0', '2020-12-16', NULL, NULL, NULL),
('1338876978253664256', '3', '14:00', '15:00', '1', '4', '', '0', '2020-12-16', NULL, NULL, NULL),
('1338876978660511744', '4', '15:30', '16:30', '1', '4', '', '0', '2020-12-16', NULL, NULL, NULL),
('1338876979134468096', '7', '17:00', '18:00', '1', '4', '', '0', '2020-12-16', NULL, NULL, NULL),
('1338876979532926976', '5', '14:00', '15:00', '0', '4', '', '0', '2020-12-16', NULL, NULL, NULL),
('1338876979935580160', '6', '15:30', '16:30', '0', '4', '', '0', '2020-12-16', NULL, NULL, NULL),
('1338876980334039040', '8', '17:00', '18:00', '0', '4', '', '0', '2020-12-16', NULL, NULL, NULL),
('1338876980736692224', '7', '20:00', '21:00', '0', '4', '', '0', '2020-12-16', NULL, NULL, NULL),
('1338876981143539712', '8', '20:00', '21:00', '1', '4', '', '0', '2020-12-16', NULL, NULL, NULL),
('1338876981541998592', '8', '24:00', '24:30', '0', '4', '', '0', '2020-12-16', NULL, NULL, NULL),
('1339239362730266624', '1', '08:00', '09:00', '0', '4', '', '0', '2020-12-17', NULL, NULL, NULL),
('1339239363149697024', '2', '08:30', '09:30', '0', '4', '', '0', '2020-12-17', NULL, NULL, NULL),
('1339239363552350208', '3', '09:00', '10:00', '0', '4', '', '0', '2020-12-17', NULL, NULL, NULL),
('1339239364022112256', '4', '09:30', '10:30', '0', '4', '', '0', '2020-12-17', NULL, NULL, NULL),
('1339239364433154048', '1', '09:30', '10:30', '1', '4', '', '0', '2020-12-17', NULL, NULL, NULL),
('1339239364835807232', '2', '10:00', '11:00', '1', '4', '', '0', '2020-12-17', NULL, NULL, NULL),
('1339239365238460416', '5', '08:00', '09:00', '1', '4', '', '0', '2020-12-17', NULL, NULL, NULL),
('1339239365641113600', '6', '09:30', '10:30', '1', '4', '', '0', '2020-12-17', NULL, NULL, NULL),
('1339239366047961088', '3', '14:00', '15:00', '1', '4', '', '0', '2020-12-17', NULL, NULL, NULL),
('1339239366450614272', '4', '15:30', '16:30', '1', '4', '', '0', '2020-12-17', NULL, NULL, NULL),
('1339239366857461760', '7', '17:00', '18:00', '1', '4', '', '0', '2020-12-17', NULL, NULL, NULL),
('1339239367260114944', '5', '14:00', '15:00', '0', '4', '', '0', '2020-12-17', NULL, NULL, NULL),
('1339239367666962432', '6', '15:30', '16:30', '0', '4', '', '0', '2020-12-17', NULL, NULL, NULL),
('1339239368082198528', '8', '17:00', '18:00', '0', '4', '', '0', '2020-12-17', NULL, NULL, NULL),
('1339239368484851712', '7', '20:00', '21:00', '0', '4', '', '0', '2020-12-17', NULL, NULL, NULL),
('1339239369017528320', '8', '20:00', '21:00', '1', '4', '', '0', '2020-12-17', NULL, NULL, NULL),
('1339239369424375808', '8', '24:00', '24:30', '0', '4', '', '0', '2020-12-17', NULL, NULL, NULL),
('1339601750562312192', '1', '08:00', '09:00', '0', '4', '', '0', '2020-12-18', NULL, NULL, NULL),
('1339601750977548288', '2', '08:30', '09:30', '0', '4', '', '0', '2020-12-18', NULL, NULL, NULL),
('1339601751413755904', '3', '09:00', '10:00', '0', '4', '', '0', '2020-12-18', NULL, NULL, NULL),
('1339601751828992000', '4', '09:30', '10:30', '0', '4', '', '0', '2020-12-18', NULL, NULL, NULL),
('1339601752235839488', '1', '09:30', '10:30', '1', '4', '', '0', '2020-12-18', NULL, NULL, NULL),
('1339601752638492672', '2', '10:00', '11:00', '1', '4', '', '0', '2020-12-18', NULL, NULL, NULL),
('1339601753091477504', '5', '08:00', '09:00', '1', '4', '', '0', '2020-12-18', NULL, NULL, NULL),
('1339601753498324992', '6', '09:30', '10:30', '1', '4', '', '0', '2020-12-18', NULL, NULL, NULL),
('1339601753905172480', '3', '14:00', '15:00', '1', '4', '', '0', '2020-12-18', NULL, NULL, NULL),
('1339601754312019968', '4', '15:30', '16:30', '1', '4', '', '0', '2020-12-18', NULL, NULL, NULL),
('1339601754723061760', '7', '17:00', '18:00', '1', '4', '', '0', '2020-12-18', NULL, NULL, NULL),
('1339601755129909248', '5', '14:00', '15:00', '0', '4', '', '0', '2020-12-18', NULL, NULL, NULL),
('1339601755561922560', '6', '15:30', '16:30', '0', '4', '', '0', '2020-12-18', NULL, NULL, NULL),
('1339601755972964352', '8', '17:00', '18:00', '0', '4', '', '0', '2020-12-18', NULL, NULL, NULL),
('1339601756375617536', '7', '20:00', '21:00', '0', '4', '', '0', '2020-12-18', NULL, NULL, NULL),
('1339601756782465024', '8', '20:00', '21:00', '1', '4', '', '0', '2020-12-18', NULL, NULL, NULL),
('1339601757185118208', '8', '24:00', '24:30', '0', '4', '', '0', '2020-12-18', NULL, NULL, NULL),
('1339964138390163456', '1', '08:00', '09:00', '0', '4', '', '0', '2020-12-19', NULL, NULL, NULL),
('1339964138813788160', '2', '08:30', '09:30', '0', '4', '', '0', '2020-12-19', NULL, NULL, NULL),
('1339964139224829952', '3', '09:00', '10:00', '0', '4', '', '0', '2020-12-19', NULL, NULL, NULL),
('1339964139631677440', '4', '09:30', '10:30', '0', '4', '', '0', '2020-12-19', NULL, NULL, NULL),
('1339964140038524928', '1', '09:30', '10:30', '1', '4', '', '0', '2020-12-19', NULL, NULL, NULL),
('1339964140445372416', '2', '10:00', '11:00', '1', '4', '', '0', '2020-12-19', NULL, NULL, NULL),
('1339964140848025600', '5', '08:00', '09:00', '1', '4', '', '0', '2020-12-19', NULL, NULL, NULL),
('1339964141254873088', '6', '09:30', '10:30', '1', '4', '', '0', '2020-12-19', NULL, NULL, NULL),
('1339964141661720576', '3', '14:00', '15:00', '1', '4', '', '0', '2020-12-19', NULL, NULL, NULL),
('1339964142068568064', '4', '15:30', '16:30', '1', '4', '', '0', '2020-12-19', NULL, NULL, NULL),
('1339964142487998464', '7', '17:00', '18:00', '1', '4', '', '0', '2020-12-19', NULL, NULL, NULL),
('1339964142903234560', '5', '14:00', '15:00', '0', '4', '', '0', '2020-12-19', NULL, NULL, NULL),
('1339964143305887744', '6', '15:30', '16:30', '0', '4', '', '0', '2020-12-19', NULL, NULL, NULL),
('1339964143712735232', '8', '17:00', '18:00', '0', '4', '', '0', '2020-12-19', NULL, NULL, NULL),
('1339964144119582720', '7', '20:00', '21:00', '0', '4', '', '0', '2020-12-19', NULL, NULL, NULL),
('1339964144530624512', '8', '20:00', '21:00', '1', '4', '', '0', '2020-12-19', NULL, NULL, NULL),
('1339964144933277696', '8', '24:00', '24:30', '0', '4', '', '0', '2020-12-19', NULL, NULL, NULL),
('1340326526226403328', '1', '08:00', '09:00', '0', '4', '', '0', '2020-12-20', NULL, NULL, NULL),
('1340326526629056512', '2', '08:30', '09:30', '0', '4', '', '0', '2020-12-20', NULL, NULL, NULL),
('1340326527027515392', '3', '09:00', '10:00', '0', '4', '', '0', '2020-12-20', NULL, NULL, NULL),
('1340326527425974272', '4', '09:30', '10:30', '0', '4', '', '0', '2020-12-20', NULL, NULL, NULL),
('1340326527820238848', '1', '09:30', '10:30', '1', '4', '', '0', '2020-12-20', NULL, NULL, NULL),
('1340326528214503424', '2', '10:00', '11:00', '1', '4', '', '0', '2020-12-20', NULL, NULL, NULL),
('1340326528612962304', '5', '08:00', '09:00', '1', '4', '', '0', '2020-12-20', NULL, NULL, NULL),
('1340326529007226880', '6', '09:30', '10:30', '1', '4', '', '0', '2020-12-20', NULL, NULL, NULL),
('1340326529405685760', '3', '14:00', '15:00', '1', '4', '', '0', '2020-12-20', NULL, NULL, NULL),
('1340326529816727552', '4', '15:30', '16:30', '1', '4', '', '0', '2020-12-20', NULL, NULL, NULL),
('1340326530210992128', '7', '17:00', '18:00', '1', '4', '', '0', '2020-12-20', NULL, NULL, NULL),
('1340326530680754176', '5', '14:00', '15:00', '0', '4', '', '0', '2020-12-20', NULL, NULL, NULL),
('1340326531075018752', '6', '15:30', '16:30', '0', '4', '', '0', '2020-12-20', NULL, NULL, NULL),
('1340326531469283328', '8', '17:00', '18:00', '0', '4', '', '0', '2020-12-20', NULL, NULL, NULL),
('1340326531863547904', '7', '20:00', '21:00', '0', '4', '', '0', '2020-12-20', NULL, NULL, NULL),
('1340326532257812480', '8', '20:00', '21:00', '1', '4', '', '0', '2020-12-20', NULL, NULL, NULL),
('1340326532656271360', '8', '24:00', '24:30', '0', '4', '', '0', '2020-12-20', NULL, NULL, NULL),
('1340688912154234880', '1', '08:00', '09:00', '0', '4', '', '0', '2020-12-21', NULL, NULL, NULL),
('1340688912561082368', '2', '08:30', '09:30', '0', '4', '', '0', '2020-12-21', NULL, NULL, NULL),
('1340688912959541248', '3', '09:00', '10:00', '0', '4', '', '0', '2020-12-21', NULL, NULL, NULL),
('1340688913353805824', '4', '09:30', '10:30', '0', '4', '', '0', '2020-12-21', NULL, NULL, NULL),
('1340688913752264704', '1', '09:30', '10:30', '1', '4', '', '0', '2020-12-21', NULL, NULL, NULL),
('1340688914146529280', '2', '10:00', '11:00', '1', '4', '', '0', '2020-12-21', NULL, NULL, NULL),
('1340688914549182464', '5', '08:00', '09:00', '1', '4', '', '0', '2020-12-21', NULL, NULL, NULL),
('1340688914947641344', '6', '09:30', '10:30', '1', '4', '', '0', '2020-12-21', NULL, NULL, NULL),
('1340688915350294528', '3', '14:00', '15:00', '1', '4', '', '0', '2020-12-21', NULL, NULL, NULL),
('1340688915744559104', '4', '15:30', '16:30', '1', '4', '', '0', '2020-12-21', NULL, NULL, NULL),
('1340688916143017984', '7', '17:00', '18:00', '1', '4', '', '0', '2020-12-21', NULL, NULL, NULL),
('1340688916541476864', '5', '14:00', '15:00', '0', '4', '', '0', '2020-12-21', NULL, NULL, NULL),
('1340688916935741440', '6', '15:30', '16:30', '0', '4', '', '0', '2020-12-21', NULL, NULL, NULL),
('1340688917334200320', '8', '17:00', '18:00', '0', '4', '', '0', '2020-12-21', NULL, NULL, NULL),
('1340688917745242112', '7', '20:00', '21:00', '0', '4', '', '0', '2020-12-21', NULL, NULL, NULL),
('1340688918143700992', '8', '20:00', '21:00', '1', '4', '', '0', '2020-12-21', NULL, NULL, NULL),
('1340688918537965568', '8', '24:00', '24:30', '0', '4', '', '0', '2020-12-21', NULL, NULL, NULL),
('1341051303245254656', '1', '08:00', '09:00', '0', '4', '', '0', '2020-12-22', NULL, NULL, NULL),
('1341051303706628096', '2', '08:30', '09:30', '0', '4', '', '0', '2020-12-22', NULL, NULL, NULL),
('1341051304109281280', '3', '09:00', '10:00', '0', '4', '', '0', '2020-12-22', NULL, NULL, NULL),
('1341051304511934464', '4', '09:30', '10:30', '0', '4', '', '0', '2020-12-22', NULL, NULL, NULL),
('1341051304918781952', '1', '09:30', '10:30', '1', '4', '', '0', '2020-12-22', NULL, NULL, NULL),
('1341051305325629440', '2', '10:00', '11:00', '1', '4', '', '0', '2020-12-22', NULL, NULL, NULL),
('1341051305728282624', '5', '08:00', '09:00', '1', '4', '', '0', '2020-12-22', NULL, NULL, NULL),
('1341051306135130112', '6', '09:30', '10:30', '1', '4', '', '0', '2020-12-22', NULL, NULL, NULL),
('1341051306550366208', '3', '14:00', '15:00', '1', '4', '', '0', '2020-12-22', NULL, NULL, NULL),
('1341051306953019392', '4', '15:30', '16:30', '1', '4', '', '0', '2020-12-22', NULL, NULL, NULL),
('1341051307355672576', '7', '17:00', '18:00', '1', '4', '', '0', '2020-12-22', NULL, NULL, NULL),
('1341051307993206784', '5', '14:00', '15:00', '0', '4', '', '0', '2020-12-22', NULL, NULL, NULL);

INSERT INTO `sb_count` (`uuid`, `bus_id`, `begin_time`, `end_time`, `bus_status`, `price`, `selected_seats`, `seat_status`, `begin_date`, `updated_at`, `deleted_at`, `created_at`) VALUES
('1341051308395859968', '6', '15:30', '16:30', '0', '4', '', '0', '2020-12-22', NULL, NULL, NULL),
('1341051308802707456', '8', '17:00', '18:00', '0', '4', '', '0', '2020-12-22', NULL, NULL, NULL),
('1341051309209554944', '7', '20:00', '21:00', '0', '4', '', '0', '2020-12-22', NULL, NULL, NULL),
('1341051309612208128', '8', '20:00', '21:00', '1', '4', '', '0', '2020-12-22', NULL, NULL, NULL),
('1341051310019055616', '8', '24:00', '24:30', '0', '4', '', '0', '2020-12-22', NULL, NULL, NULL),
('1341413690129387520', '1', '08:00', '09:00', '0', '4', '', '0', '2020-12-23', NULL, NULL, NULL),
('1341413690540429312', '2', '08:30', '09:30', '0', '4', '', '0', '2020-12-23', NULL, NULL, NULL),
('1341413690938888192', '3', '09:00', '10:00', '0', '4', '', '0', '2020-12-23', NULL, NULL, NULL),
('1341413691345735680', '4', '09:30', '10:30', '0', '4', '', '0', '2020-12-23', NULL, NULL, NULL),
('1341413691765166080', '1', '09:30', '10:30', '1', '4', '', '0', '2020-12-23', NULL, NULL, NULL),
('1341413692310425600', '2', '10:00', '11:00', '1', '4', '', '0', '2020-12-23', NULL, NULL, NULL),
('1341413692750827520', '5', '08:00', '09:00', '1', '4', '', '0', '2020-12-23', NULL, NULL, NULL),
('1341413693153480704', '6', '09:30', '10:30', '1', '4', '', '0', '2020-12-23', NULL, NULL, NULL),
('1341413693556133888', '3', '14:00', '15:00', '1', '4', '', '0', '2020-12-23', NULL, NULL, NULL),
('1341413694130753536', '4', '15:30', '16:30', '1', '4', '', '0', '2020-12-23', NULL, NULL, NULL),
('1341413694533406720', '7', '17:00', '18:00', '1', '4', '', '0', '2020-12-23', NULL, NULL, NULL),
('1341413694936059904', '5', '14:00', '15:00', '0', '4', '', '0', '2020-12-23', NULL, NULL, NULL),
('1341413695338713088', '6', '15:30', '16:30', '0', '4', '', '0', '2020-12-23', NULL, NULL, NULL),
('1341413695741366272', '8', '17:00', '18:00', '0', '4', '', '0', '2020-12-23', NULL, NULL, NULL),
('1341413696144019456', '7', '20:00', '21:00', '0', '4', '', '0', '2020-12-23', NULL, NULL, NULL),
('1341413696546672640', '8', '20:00', '21:00', '1', '4', '', '0', '2020-12-23', NULL, NULL, NULL),
('1341413696991268864', '8', '24:00', '24:30', '0', '4', '', '0', '2020-12-23', NULL, NULL, NULL),
('1341776077760106496', '1', '08:00', '09:00', '0', '4', '', '0', '2020-12-24', NULL, NULL, NULL),
('1341776078171148288', '2', '08:30', '09:30', '0', '4', '', '0', '2020-12-24', NULL, NULL, NULL),
('1341776078582190080', '3', '09:00', '10:00', '0', '4', '', '0', '2020-12-24', NULL, NULL, NULL),
('1341776078984843264', '4', '09:30', '10:30', '0', '4', '', '0', '2020-12-24', NULL, NULL, NULL),
('1341776079387496448', '1', '09:30', '10:30', '1', '4', '', '0', '2020-12-24', NULL, NULL, NULL),
('1341776079785955328', '2', '10:00', '11:00', '1', '4', '', '0', '2020-12-24', NULL, NULL, NULL),
('1341776080188608512', '5', '08:00', '09:00', '1', '4', '', '0', '2020-12-24', NULL, NULL, NULL),
('1341776080591261696', '6', '09:30', '10:30', '1', '4', '', '0', '2020-12-24', NULL, NULL, NULL),
('1341776080993914880', '3', '14:00', '15:00', '1', '4', '', '0', '2020-12-24', NULL, NULL, NULL),
('1341776081400762368', '4', '15:30', '16:30', '1', '4', '', '0', '2020-12-24', NULL, NULL, NULL),
('1341776081803415552', '7', '17:00', '18:00', '1', '4', '', '0', '2020-12-24', NULL, NULL, NULL),
('1341776082201874432', '5', '14:00', '15:00', '0', '4', '', '0', '2020-12-24', NULL, NULL, NULL),
('1341776082604527616', '6', '15:30', '16:30', '0', '4', '', '0', '2020-12-24', NULL, NULL, NULL),
('1341776083070095360', '8', '17:00', '18:00', '0', '4', '', '0', '2020-12-24', NULL, NULL, NULL),
('1341776083472748544', '7', '20:00', '21:00', '0', '4', '', '0', '2020-12-24', NULL, NULL, NULL),
('1341776083875401728', '8', '20:00', '21:00', '1', '4', '', '0', '2020-12-24', NULL, NULL, NULL),
('1341776084282249216', '8', '24:00', '24:30', '0', '4', '', '0', '2020-12-24', NULL, NULL, NULL),
('1342138474039480320', '1', '08:00', '09:00', '0', '4', '', '0', '2020-12-25', NULL, NULL, NULL),
('1342138474450522112', '2', '08:30', '09:30', '0', '4', '', '0', '2020-12-25', NULL, NULL, NULL),
('1342138474865758208', '3', '09:00', '10:00', '0', '4', '', '0', '2020-12-25', NULL, NULL, NULL),
('1342138475268411392', '4', '09:30', '10:30', '0', '4', '', '0', '2020-12-25', NULL, NULL, NULL),
('1342138475666870272', '1', '09:30', '10:30', '1', '4', '', '0', '2020-12-25', NULL, NULL, NULL),
('1342138476065329152', '2', '10:00', '11:00', '1', '4', '', '0', '2020-12-25', NULL, NULL, NULL),
('1342138476463788032', '5', '08:00', '09:00', '1', '4', '', '0', '2020-12-25', NULL, NULL, NULL),
('1342138476862246912', '6', '09:30', '10:30', '1', '4', '', '0', '2020-12-25', NULL, NULL, NULL),
('1342138477260705792', '3', '14:00', '15:00', '1', '4', '', '0', '2020-12-25', NULL, NULL, NULL),
('1342138477663358976', '4', '15:30', '16:30', '1', '4', '', '0', '2020-12-25', NULL, NULL, NULL),
('1342138478066012160', '7', '17:00', '18:00', '1', '4', '', '0', '2020-12-25', NULL, NULL, NULL),
('1342138478472859648', '5', '14:00', '15:00', '0', '4', '', '0', '2020-12-25', NULL, NULL, NULL),
('1342138478871318528', '6', '15:30', '16:30', '0', '4', '', '0', '2020-12-25', NULL, NULL, NULL),
('1342138479273971712', '8', '17:00', '18:00', '0', '4', '', '0', '2020-12-25', NULL, NULL, NULL),
('1342138479672430592', '7', '20:00', '21:00', '0', '4', '', '0', '2020-12-25', NULL, NULL, NULL),
('1342138480070889472', '8', '20:00', '21:00', '1', '4', '', '0', '2020-12-25', NULL, NULL, NULL),
('1342138480473542656', '8', '24:00', '24:30', '0', '4', '', '0', '2020-12-25', NULL, NULL, NULL),
('1342500853512278016', '1', '08:00', '09:00', '0', '4', '', '0', '2020-12-26', NULL, NULL, NULL),
('1342500853919125504', '2', '08:30', '09:30', '0', '4', '', '0', '2020-12-26', NULL, NULL, NULL),
('1342500854321778688', '3', '09:00', '10:00', '0', '4', '', '0', '2020-12-26', NULL, NULL, NULL),
('1342500854728626176', '4', '09:30', '10:30', '0', '4', '', '0', '2020-12-26', NULL, NULL, NULL),
('1342500855127085056', '1', '09:30', '10:30', '1', '4', '', '0', '2020-12-26', NULL, NULL, NULL),
('1342500855521349632', '2', '10:00', '11:00', '1', '4', '', '0', '2020-12-26', NULL, NULL, NULL),
('1342500855919808512', '5', '08:00', '09:00', '1', '4', '', '0', '2020-12-26', NULL, NULL, NULL),
('1342500856318267392', '6', '09:30', '10:30', '1', '4', '', '0', '2020-12-26', NULL, NULL, NULL),
('1342500856716726272', '3', '14:00', '15:00', '1', '4', '', '0', '2020-12-26', NULL, NULL, NULL),
('1342500857115185152', '4', '15:30', '16:30', '1', '4', '', '0', '2020-12-26', NULL, NULL, NULL),
('1342500857513644032', '7', '17:00', '18:00', '1', '4', '', '0', '2020-12-26', NULL, NULL, NULL),
('1342500857928880128', '5', '14:00', '15:00', '0', '4', '', '0', '2020-12-26', NULL, NULL, NULL),
('1342500858327339008', '6', '15:30', '16:30', '0', '4', '', '0', '2020-12-26', NULL, NULL, NULL),
('1342500858725797888', '8', '17:00', '18:00', '0', '4', '', '0', '2020-12-26', NULL, NULL, NULL),
('1342500859128451072', '7', '20:00', '21:00', '0', '4', '', '0', '2020-12-26', NULL, NULL, NULL),
('1342500859522715648', '8', '20:00', '21:00', '1', '4', '', '0', '2020-12-26', NULL, NULL, NULL),
('1342500859925368832', '8', '24:00', '24:30', '0', '4', '', '0', '2020-12-26', NULL, NULL, NULL),
('1342863241356906496', '1', '08:00', '09:00', '0', '4', '', '0', '2020-12-27', NULL, NULL, NULL),
('1342863241776336896', '2', '08:30', '09:30', '0', '4', '', '0', '2020-12-27', NULL, NULL, NULL),
('1342863242174795776', '3', '09:00', '10:00', '0', '4', '', '0', '2020-12-27', NULL, NULL, NULL),
('1342863242577448960', '4', '09:30', '10:30', '0', '4', '', '0', '2020-12-27', NULL, NULL, NULL),
('1342863242975907840', '1', '09:30', '10:30', '1', '4', '', '0', '2020-12-27', NULL, NULL, NULL),
('1342863243378561024', '2', '10:00', '11:00', '1', '4', '', '0', '2020-12-27', NULL, NULL, NULL),
('1342863243781214208', '5', '08:00', '09:00', '1', '4', '', '0', '2020-12-27', NULL, NULL, NULL),
('1342863244196450304', '6', '09:30', '10:30', '1', '4', '', '0', '2020-12-27', NULL, NULL, NULL),
('1342863244594909184', '3', '14:00', '15:00', '1', '4', '', '0', '2020-12-27', NULL, NULL, NULL),
('1342863244997562368', '4', '15:30', '16:30', '1', '4', '', '0', '2020-12-27', NULL, NULL, NULL),
('1342863245400215552', '7', '17:00', '18:00', '1', '4', '', '0', '2020-12-27', NULL, NULL, NULL),
('1342863245802868736', '5', '14:00', '15:00', '0', '4', '', '0', '2020-12-27', NULL, NULL, NULL),
('1342863246213910528', '6', '15:30', '16:30', '0', '4', '', '0', '2020-12-27', NULL, NULL, NULL),
('1342863246616563712', '8', '17:00', '18:00', '0', '4', '', '0', '2020-12-27', NULL, NULL, NULL),
('1342863247019216896', '7', '20:00', '21:00', '0', '4', '', '0', '2020-12-27', NULL, NULL, NULL),
('1342863247447035904', '8', '20:00', '21:00', '1', '4', '', '0', '2020-12-27', NULL, NULL, NULL),
('1342863247849689088', '8', '24:00', '24:30', '0', '4', '', '0', '2020-12-27', NULL, NULL, NULL),
('1343225627406372864', '1', '08:00', '09:00', '0', '4', '', '0', '2020-12-28', NULL, NULL, NULL),
('1343225628152958976', '2', '08:30', '09:30', '0', '4', '', '0', '2020-12-28', NULL, NULL, NULL),
('1343225628572389376', '3', '09:00', '10:00', '0', '4', '', '0', '2020-12-28', NULL, NULL, NULL),
('1343225628991819776', '4', '09:30', '10:30', '0', '4', '', '0', '2020-12-28', NULL, NULL, NULL),
('1343225629419638784', '1', '09:30', '10:30', '1', '4', '', '0', '2020-12-28', NULL, NULL, NULL),
('1343225629839069184', '2', '10:00', '11:00', '1', '4', '', '0', '2020-12-28', NULL, NULL, NULL),
('1343225630258499584', '5', '08:00', '09:00', '1', '4', '', '0', '2020-12-28', NULL, NULL, NULL),
('1343225630724067328', '6', '09:30', '10:30', '1', '4', '', '0', '2020-12-28', NULL, NULL, NULL),
('1343225631139303424', '3', '14:00', '15:00', '1', '4', '', '0', '2020-12-28', NULL, NULL, NULL),
('1343225631554539520', '4', '15:30', '16:30', '1', '4', '', '0', '2020-12-28', NULL, NULL, NULL),
('1343225631978164224', '7', '17:00', '18:00', '1', '4', '', '0', '2020-12-28', NULL, NULL, NULL),
('1343225632401788928', '5', '14:00', '15:00', '0', '4', '', '0', '2020-12-28', NULL, NULL, NULL),
('1343225632817025024', '6', '15:30', '16:30', '0', '4', '', '0', '2020-12-28', NULL, NULL, NULL),
('1343225633236455424', '8', '17:00', '18:00', '0', '4', '', '0', '2020-12-28', NULL, NULL, NULL),
('1343225633777520640', '7', '20:00', '21:00', '0', '4', '', '0', '2020-12-28', NULL, NULL, NULL),
('1343225634201145344', '8', '20:00', '21:00', '1', '4', '', '0', '2020-12-28', NULL, NULL, NULL),
('1343225634624770048', '8', '24:00', '24:30', '0', '4', '', '0', '2020-12-28', NULL, NULL, NULL),
('1343588017591422976', '1', '08:00', '09:00', '0', '4', '', '0', '2020-12-29', NULL, NULL, NULL),
('1343588018010853376', '2', '08:30', '09:30', '0', '4', '', '0', '2020-12-29', NULL, NULL, NULL),
('1343588018421895168', '3', '09:00', '10:00', '0', '4', '', '0', '2020-12-29', NULL, NULL, NULL),
('1343588018832936960', '4', '09:30', '10:30', '0', '4', '', '0', '2020-12-29', NULL, NULL, NULL),
('1343588019248173056', '1', '09:30', '10:30', '1', '4', '', '0', '2020-12-29', NULL, NULL, NULL),
('1343588019659214848', '2', '10:00', '11:00', '1', '4', '', '0', '2020-12-29', NULL, NULL, NULL),
('1343588020074450944', '5', '08:00', '09:00', '1', '4', '', '0', '2020-12-29', NULL, NULL, NULL),
('1343588020481298432', '6', '09:30', '10:30', '1', '4', '', '0', '2020-12-29', NULL, NULL, NULL),
('1343588020888145920', '3', '14:00', '15:00', '1', '4', '', '0', '2020-12-29', NULL, NULL, NULL),
('1343588021299187712', '4', '15:30', '16:30', '2', '4', '', '0', '2020-12-29', NULL, NULL, NULL),
('1343588021710229504', '7', '17:00', '18:00', '0', '4', '', '0', '2020-12-29', NULL, NULL, NULL),
('1343588022129659904', '5', '14:00', '15:00', '0', '4', '', '0', '2020-12-29', NULL, NULL, NULL),
('1343588022544896000', '6', '15:30', '16:30', '3', '4', '', '0', '2020-12-29', NULL, NULL, NULL),
('1343588022955937792', '8', '17:00', '18:00', '1', '4', '', '0', '2020-12-29', NULL, NULL, NULL),
('1343588023408922624', '7', '20:00', '21:00', '1', '4', '', '0', '2020-12-29', NULL, NULL, NULL),
('1343588023832547328', '8', '20:00', '21:00', '0', '4', '', '0', '2020-12-29', NULL, NULL, NULL),
('1343588024243589120', '8', '24:00', '24:30', '0', '4', '', '0', '2020-12-29', NULL, NULL, NULL),
('1344312794819989504', '1', '08:00', '09:00', '0', '4', '', '0', '2020-12-31', NULL, NULL, NULL),
('1344312795298140160', '2', '08:30', '09:30', '0', '4', '', '0', '2020-12-31', NULL, NULL, NULL),
('1344312795700793344', '3', '09:00', '10:00', '0', '4', '', '0', '2020-12-31', NULL, NULL, NULL),
('1344312796116029440', '4', '09:30', '10:30', '0', '4', '', '0', '2020-12-31', NULL, NULL, NULL),
('1344312796518682624', '1', '09:30', '10:30', '1', '4', '', '0', '2020-12-31', NULL, NULL, NULL),
('1344312796925530112', '2', '10:00', '11:00', '1', '4', '', '0', '2020-12-31', NULL, NULL, NULL),
('1344312797328183296', '5', '08:00', '09:00', '1', '4', '', '0', '2020-12-31', NULL, NULL, NULL),
('1344312797735030784', '6', '09:30', '10:30', '1', '4', '', '0', '2020-12-31', NULL, NULL, NULL),
('1344312798154461184', '3', '14:00', '15:00', '1', '4', '', '0', '2020-12-31', NULL, NULL, NULL),
('1344312798552920064', '4', '15:30', '16:30', '1', '4', '', '0', '2020-12-31', NULL, NULL, NULL),
('1344312798955573248', '7', '17:00', '18:00', '1', '4', '', '0', '2020-12-31', NULL, NULL, NULL),
('1344312799362420736', '5', '14:00', '15:00', '0', '4', '', '0', '2020-12-31', NULL, NULL, NULL),
('1344312799769268224', '6', '15:30', '16:30', '0', '4', '', '0', '2020-12-31', NULL, NULL, NULL),
('1344312800188698624', '8', '17:00', '18:00', '0', '4', '', '0', '2020-12-31', NULL, NULL, NULL),
('1344312800591351808', '7', '20:00', '21:00', '0', '4', '', '0', '2020-12-31', NULL, NULL, NULL),
('1344312800994004992', '8', '20:00', '21:00', '1', '4', '', '0', '2020-12-31', NULL, NULL, NULL),
('1344312801409241088', '8', '24:00', '24:30', '0', '4', '', '0', '2020-12-31', NULL, NULL, NULL),
('1344675180680712192', '1', '08:00', '09:00', '0', '4', '', '0', '2021-01-01', NULL, NULL, NULL),
('1344675181095948288', '2', '08:30', '09:30', '0', '4', '', '0', '2021-01-01', NULL, NULL, NULL),
('1344675181502795776', '3', '09:00', '10:00', '0', '4', '', '0', '2021-01-01', NULL, NULL, NULL),
('1344675181913837568', '4', '09:30', '10:30', '0', '4', '', '0', '2021-01-01', NULL, NULL, NULL),
('1344675182320685056', '1', '09:30', '10:30', '1', '4', '', '0', '2021-01-01', NULL, NULL, NULL),
('1344675182727532544', '2', '10:00', '11:00', '1', '4', '', '0', '2021-01-01', NULL, NULL, NULL),
('1344675183134380032', '5', '08:00', '09:00', '1', '4', '', '0', '2021-01-01', NULL, NULL, NULL),
('1344675183541227520', '6', '09:30', '10:30', '1', '4', '', '0', '2021-01-01', NULL, NULL, NULL),
('1344675183948075008', '3', '14:00', '15:00', '1', '4', '', '0', '2021-01-01', NULL, NULL, NULL),
('1344675184354922496', '4', '15:30', '16:30', '1', '4', '', '0', '2021-01-01', NULL, NULL, NULL),
('1344675184761769984', '7', '17:00', '18:00', '1', '4', '', '0', '2021-01-01', NULL, NULL, NULL),
('1344675185164423168', '5', '14:00', '15:00', '0', '4', '', '0', '2021-01-01', NULL, NULL, NULL),
('1344675185739042816', '6', '15:30', '16:30', '0', '4', '', '0', '2021-01-01', NULL, NULL, NULL),
('1344675186145890304', '8', '17:00', '18:00', '0', '4', '', '0', '2021-01-01', NULL, NULL, NULL),
('1344675186556932096', '7', '20:00', '21:00', '0', '4', '', '0', '2021-01-01', NULL, NULL, NULL),
('1344675186967973888', '8', '20:00', '21:00', '1', '4', '', '0', '2021-01-01', NULL, NULL, NULL),
('1344675187374821376', '8', '24:00', '24:30', '0', '4', '', '0', '2021-01-01', NULL, NULL, NULL),
('1345037568550506496', '1', '08:00', '09:00', '0', '4', '', '0', '2021-01-02', NULL, NULL, NULL),
('1345037568965742592', '2', '08:30', '09:30', '0', '4', '', '0', '2021-01-02', NULL, NULL, NULL),
('1345037569418727424', '3', '09:00', '10:00', '0', '4', '', '0', '2021-01-02', NULL, NULL, NULL),
('1345037569833963520', '4', '09:30', '10:30', '0', '4', '', '0', '2021-01-02', NULL, NULL, NULL),
('1345037570425360384', '1', '09:30', '10:30', '1', '4', '', '0', '2021-01-02', NULL, NULL, NULL),
('1345037570840596480', '2', '10:00', '11:00', '1', '4', '', '0', '2021-01-02', NULL, NULL, NULL),
('1345037571251638272', '5', '08:00', '09:00', '1', '4', '', '0', '2021-01-02', NULL, NULL, NULL),
('1345037571662680064', '6', '09:30', '10:30', '1', '4', '', '0', '2021-01-02', NULL, NULL, NULL),
('1345037572073721856', '3', '14:00', '15:00', '1', '4', '', '0', '2021-01-02', NULL, NULL, NULL),
('1345037572484763648', '4', '15:30', '16:30', '1', '4', '', '0', '2021-01-02', NULL, NULL, NULL),
('1345037572904194048', '7', '17:00', '18:00', '1', '4', '', '0', '2021-01-02', NULL, NULL, NULL),
('1345037573311041536', '5', '14:00', '15:00', '0', '4', '', '0', '2021-01-02', NULL, NULL, NULL),
('1345037573722083328', '6', '15:30', '16:30', '0', '4', '', '0', '2021-01-02', NULL, NULL, NULL),
('1345037574128930816', '8', '17:00', '18:00', '0', '4', '', '0', '2021-01-02', NULL, NULL, NULL),
('1345037574535778304', '7', '20:00', '21:00', '0', '4', '', '0', '2021-01-02', NULL, NULL, NULL),
('1345037574942625792', '8', '20:00', '21:00', '1', '4', '', '0', '2021-01-02', NULL, NULL, NULL),
('1345037575349473280', '8', '24:00', '24:30', '0', '4', '', '0', '2021-01-02', NULL, NULL, NULL),
('1345399956772622336', '1', '08:00', '09:00', '0', '4', '', '0', '2021-01-03', NULL, NULL, NULL),
('1345399957200441344', '2', '08:30', '09:30', '0', '4', '', '0', '2021-01-03', NULL, NULL, NULL),
('1345399957657620480', '3', '09:00', '10:00', '0', '4', '', '0', '2021-01-03', NULL, NULL, NULL),
('1345399958060273664', '4', '09:30', '10:30', '0', '4', '', '0', '2021-01-03', NULL, NULL, NULL),
('1345399958467121152', '1', '09:30', '10:30', '1', '4', '', '0', '2021-01-03', NULL, NULL, NULL),
('1345399958869774336', '2', '10:00', '11:00', '1', '4', '', '0', '2021-01-03', NULL, NULL, NULL),
('1345399959272427520', '5', '08:00', '09:00', '1', '4', '', '0', '2021-01-03', NULL, NULL, NULL),
('1345399959679275008', '6', '09:30', '10:30', '1', '4', '', '0', '2021-01-03', NULL, NULL, NULL),
('1345399960111288320', '3', '14:00', '15:00', '1', '4', '', '0', '2021-01-03', NULL, NULL, NULL),
('1345399960513941504', '4', '15:30', '16:30', '1', '4', '', '0', '2021-01-03', NULL, NULL, NULL),
('1345399960916594688', '7', '17:00', '18:00', '1', '4', '', '0', '2021-01-03', NULL, NULL, NULL),
('1345399961323442176', '5', '14:00', '15:00', '0', '4', '', '0', '2021-01-03', NULL, NULL, NULL),
('1345399961730289664', '6', '15:30', '16:30', '0', '4', '', '0', '2021-01-03', NULL, NULL, NULL),
('1345399962132942848', '8', '17:00', '18:00', '0', '4', '', '0', '2021-01-03', NULL, NULL, NULL),
('1345399962531401728', '7', '20:00', '21:00', '0', '4', '', '0', '2021-01-03', NULL, NULL, NULL),
('1345399962934054912', '8', '20:00', '21:00', '1', '4', '', '0', '2021-01-03', NULL, NULL, NULL),
('1345399963336708096', '8', '24:00', '24:30', '0', '4', '', '0', '2021-01-03', NULL, NULL, NULL),
('1345762344667582464', '1', '08:00', '09:00', '0', '4', '', '0', '2021-01-04', NULL, NULL, NULL),
('1345762345607106560', '2', '08:30', '09:30', '0', '4', '', '0', '2021-01-04', NULL, NULL, NULL),
('1345762346013954048', '3', '09:00', '10:00', '0', '4', '', '0', '2021-01-04', NULL, NULL, NULL),
('1345762346622128128', '4', '09:30', '10:30', '0', '4', '', '0', '2021-01-04', NULL, NULL, NULL),
('1345762347289022464', '1', '09:30', '10:30', '1', '4', '', '0', '2021-01-04', NULL, NULL, NULL),
('1345762347796533248', '2', '10:00', '11:00', '1', '4', '', '0', '2021-01-04', NULL, NULL, NULL),
('1345762348203380736', '5', '08:00', '09:00', '1', '4', '', '0', '2021-01-04', NULL, NULL, NULL),
('1345762348769611776', '6', '09:30', '10:30', '1', '4', '', '0', '2021-01-04', NULL, NULL, NULL),
('1345762349222596608', '3', '14:00', '15:00', '1', '4', '', '0', '2021-01-04', NULL, NULL, NULL),
('1345762349616861184', '4', '15:30', '16:30', '1', '4', '', '0', '2021-01-04', NULL, NULL, NULL),
('1345762350015320064', '7', '17:00', '18:00', '1', '4', '', '0', '2021-01-04', NULL, NULL, NULL),
('1345762350413778944', '5', '14:00', '15:00', '0', '4', '', '0', '2021-01-04', NULL, NULL, NULL),
('1345762350854180864', '6', '15:30', '16:30', '0', '4', '', '0', '2021-01-04', NULL, NULL, NULL),
('1345762351252639744', '8', '17:00', '18:00', '0', '4', '', '0', '2021-01-04', NULL, NULL, NULL),
('1345762351651098624', '7', '20:00', '21:00', '0', '4', '', '0', '2021-01-04', NULL, NULL, NULL),
('1345762352045363200', '8', '20:00', '21:00', '1', '4', '', '0', '2021-01-04', NULL, NULL, NULL),
('1345762352443822080', '8', '24:00', '24:30', '0', '4', '', '0', '2021-01-04', NULL, NULL, NULL),
('1346124734961684480', '1', '08:00', '09:00', '0', '4', '', '0', '2021-01-05', NULL, NULL, NULL),
('1346124735469195264', '2', '08:30', '09:30', '0', '4', '', '0', '2021-01-05', NULL, NULL, NULL),
('1346124735880237056', '3', '09:00', '10:00', '0', '4', '', '0', '2021-01-05', NULL, NULL, NULL),
('1346124736320638976', '4', '09:30', '10:30', '0', '4', '', '0', '2021-01-05', NULL, NULL, NULL),
('1346124736723292160', '1', '09:30', '10:30', '1', '4', '', '0', '2021-01-05', NULL, NULL, NULL),
('1346124737134333952', '2', '10:00', '11:00', '1', '4', '', '0', '2021-01-05', NULL, NULL, NULL),
('1346124737545375744', '5', '08:00', '09:00', '1', '4', '', '0', '2021-01-05', NULL, NULL, NULL),
('1346124737960611840', '6', '09:30', '10:30', '1', '4', '', '0', '2021-01-05', NULL, NULL, NULL),
('1346124738380042240', '3', '14:00', '15:00', '1', '4', '', '0', '2021-01-05', NULL, NULL, NULL),
('1346124738967244800', '4', '15:30', '16:30', '1', '4', '', '0', '2021-01-05', NULL, NULL, NULL),
('1346124739374092288', '7', '17:00', '18:00', '1', '4', '', '0', '2021-01-05', NULL, NULL, NULL),
('1346124739785134080', '5', '14:00', '15:00', '0', '4', '', '0', '2021-01-05', NULL, NULL, NULL),
('1346124740191981568', '6', '15:30', '16:30', '0', '4', '', '0', '2021-01-05', NULL, NULL, NULL),
('1346124740598829056', '8', '17:00', '18:00', '0', '4', '', '0', '2021-01-05', NULL, NULL, NULL),
('1346124741005676544', '7', '20:00', '21:00', '0', '4', '', '0', '2021-01-05', NULL, NULL, NULL),
('1346124741441884160', '8', '20:00', '21:00', '1', '4', '', '0', '2021-01-05', NULL, NULL, NULL),
('1346124741865508864', '8', '24:00', '24:30', '0', '4', '', '0', '2021-01-05', NULL, NULL, NULL),
('1346487121887760384', '1', '08:00', '09:00', '0', '4', '', '0', '2021-01-06', NULL, NULL, NULL),
('1346487122391076864', '2', '08:30', '09:30', '0', '4', '', '0', '2021-01-06', NULL, NULL, NULL),
('1346487122877616128', '3', '09:00', '10:00', '0', '4', '', '0', '2021-01-06', NULL, NULL, NULL),
('1346487123368349696', '4', '09:30', '10:30', '0', '4', '', '0', '2021-01-06', NULL, NULL, NULL),
('1346487123825528832', '1', '09:30', '10:30', '1', '4', '', '0', '2021-01-06', NULL, NULL, NULL),
('1346487124307873792', '2', '10:00', '11:00', '1', '4', '', '0', '2021-01-06', NULL, NULL, NULL),
('1346487124781830144', '5', '08:00', '09:00', '1', '4', '', '0', '2021-01-06', NULL, NULL, NULL),
('1346487125272563712', '6', '09:30', '10:30', '1', '4', '', '0', '2021-01-06', NULL, NULL, NULL),
('1346487125733937152', '3', '14:00', '15:00', '1', '4', '', '0', '2021-01-06', NULL, NULL, NULL),
('1346487126220476416', '4', '15:30', '16:30', '1', '4', '', '0', '2021-01-06', NULL, NULL, NULL),
('1346487126681849856', '7', '17:00', '18:00', '1', '4', '', '0', '2021-01-06', NULL, NULL, NULL),
('1346487127201943552', '5', '14:00', '15:00', '0', '4', '', '0', '2021-01-06', NULL, NULL, NULL),
('1346487127755591680', '6', '15:30', '16:30', '0', '4', '', '0', '2021-01-06', NULL, NULL, NULL),
('1346487128271491072', '8', '17:00', '18:00', '0', '4', '', '0', '2021-01-06', NULL, NULL, NULL),
('1346487128753836032', '7', '20:00', '21:00', '0', '4', '', '0', '2021-01-06', NULL, NULL, NULL),
('1346487129244569600', '8', '20:00', '21:00', '1', '4', '', '0', '2021-01-06', NULL, NULL, NULL),
('1346487129726914560', '8', '24:00', '24:30', '0', '4', '', '0', '2021-01-06', NULL, NULL, NULL),
('1346849511036817408', '1', '08:00', '09:00', '0', '4', '', '0', '2021-01-07', NULL, NULL, NULL),
('1346849511737266176', '2', '08:30', '09:30', '0', '4', '', '0', '2021-01-07', NULL, NULL, NULL),
('1346849512395771904', '3', '09:00', '10:00', '0', '4', '', '0', '2021-01-07', NULL, NULL, NULL),
('1346849513054277632', '4', '09:30', '10:30', '0', '4', '', '0', '2021-01-07', NULL, NULL, NULL),
('1346849513716977664', '1', '09:30', '10:30', '1', '4', '', '0', '2021-01-07', NULL, NULL, NULL),
('1346849514375483392', '2', '10:00', '11:00', '1', '4', '', '0', '2021-01-07', NULL, NULL, NULL),
('1346849515033989120', '5', '08:00', '09:00', '1', '4', '', '0', '2021-01-07', NULL, NULL, NULL),
('1346849515700883456', '6', '09:30', '10:30', '1', '4', '', '0', '2021-01-07', NULL, NULL, NULL),
('1346849516359389184', '3', '14:00', '15:00', '1', '4', '', '0', '2021-01-07', NULL, NULL, NULL),
('1346849517017894912', '4', '15:30', '16:30', '1', '4', '', '0', '2021-01-07', NULL, NULL, NULL),
('1346849517676400640', '7', '17:00', '18:00', '1', '4', '', '0', '2021-01-07', NULL, NULL, NULL),
('1346849518368460800', '5', '14:00', '15:00', '0', '4', '', '0', '2021-01-07', NULL, NULL, NULL),
('1346849519022772224', '6', '15:30', '16:30', '0', '4', '', '0', '2021-01-07', NULL, NULL, NULL),
('1346849519681277952', '8', '17:00', '18:00', '0', '4', '', '0', '2021-01-07', NULL, NULL, NULL),
('1346849520339783680', '7', '20:00', '21:00', '0', '4', '', '0', '2021-01-07', NULL, NULL, NULL),
('1346849520998289408', '8', '20:00', '21:00', '1', '4', '', '0', '2021-01-07', NULL, NULL, NULL),
('1346849521656795136', '8', '24:00', '24:30', '0', '4', '', '0', '2021-01-07', NULL, NULL, NULL),
('1347211895744106496', '1', '08:00', '09:00', '0', '4', '', '0', '2021-01-08', NULL, NULL, NULL),
('1347211896155148288', '2', '08:30', '09:30', '0', '4', '', '0', '2021-01-08', NULL, NULL, NULL),
('1347211896796876800', '3', '09:00', '10:00', '0', '4', '', '0', '2021-01-08', NULL, NULL, NULL),
('1347211897195335680', '4', '09:30', '10:30', '0', '4', '', '0', '2021-01-08', NULL, NULL, NULL),
('1347211897593794560', '1', '09:30', '10:30', '1', '4', '', '0', '2021-01-08', NULL, NULL, NULL),
('1347211897992253440', '2', '10:00', '11:00', '1', '4', '', '0', '2021-01-08', NULL, NULL, NULL),
('1347211898394906624', '5', '08:00', '09:00', '1', '4', '', '0', '2021-01-08', NULL, NULL, NULL),
('1347211898793365504', '6', '09:30', '10:30', '1', '4', '', '0', '2021-01-08', NULL, NULL, NULL),
('1347211899191824384', '3', '14:00', '15:00', '1', '4', '', '0', '2021-01-08', NULL, NULL, NULL),
('1347211899590283264', '4', '15:30', '16:30', '1', '4', '', '0', '2021-01-08', NULL, NULL, NULL),
('1347211899988742144', '7', '17:00', '18:00', '1', '4', '', '0', '2021-01-08', NULL, NULL, NULL),
('1347211900391395328', '5', '14:00', '15:00', '0', '4', '', '0', '2021-01-08', NULL, NULL, NULL),
('1347211900794048512', '6', '15:30', '16:30', '0', '4', '', '0', '2021-01-08', NULL, NULL, NULL),
('1347211901192507392', '8', '17:00', '18:00', '0', '4', '', '0', '2021-01-08', NULL, NULL, NULL),
('1347211901595160576', '7', '20:00', '21:00', '0', '4', '', '0', '2021-01-08', NULL, NULL, NULL),
('1347211901993619456', '8', '20:00', '21:00', '1', '4', '', '0', '2021-01-08', NULL, NULL, NULL),
('1347211902396272640', '8', '24:00', '24:30', '0', '4', '', '0', '2021-01-08', NULL, NULL, NULL),
('1347574283660038144', '1', '08:00', '09:00', '0', '4', '', '0', '2021-01-09', NULL, NULL, NULL),
('1347574284087857152', '2', '08:30', '09:30', '0', '4', '', '0', '2021-01-09', NULL, NULL, NULL),
('1347574284549230592', '3', '09:00', '10:00', '0', '4', '', '0', '2021-01-09', NULL, NULL, NULL),
('1347574284960272384', '4', '09:30', '10:30', '0', '4', '', '0', '2021-01-09', NULL, NULL, NULL),
('1347574285367119872', '1', '09:30', '10:30', '1', '4', '', '0', '2021-01-09', NULL, NULL, NULL),
('1347574285773967360', '2', '10:00', '11:00', '1', '4', '', '0', '2021-01-09', NULL, NULL, NULL),
('1347574286180814848', '5', '08:00', '09:00', '1', '4', '', '0', '2021-01-09', NULL, NULL, NULL),
('1347574286591856640', '6', '09:30', '10:30', '1', '4', '', '0', '2021-01-09', NULL, NULL, NULL),
('1347574287007092736', '3', '14:00', '15:00', '1', '4', '', '0', '2021-01-09', NULL, NULL, NULL),
('1347574287422328832', '4', '15:30', '16:30', '1', '4', '', '0', '2021-01-09', NULL, NULL, NULL),
('1347574287829176320', '7', '17:00', '18:00', '1', '4', '', '0', '2021-01-09', NULL, NULL, NULL),
('1347574288240218112', '5', '14:00', '15:00', '0', '4', '', '0', '2021-01-09', NULL, NULL, NULL),
('1347574288718368768', '6', '15:30', '16:30', '0', '4', '', '0', '2021-01-09', NULL, NULL, NULL),
('1347574289146187776', '8', '17:00', '18:00', '0', '4', '', '0', '2021-01-09', NULL, NULL, NULL),
('1347574289565618176', '7', '20:00', '21:00', '0', '4', '', '0', '2021-01-09', NULL, NULL, NULL),
('1347574289976659968', '8', '20:00', '21:00', '1', '4', '', '0', '2021-01-09', NULL, NULL, NULL),
('1347574290387701760', '8', '24:00', '24:30', '0', '4', '', '0', '2021-01-09', NULL, NULL, NULL),
('1347936671521443840', '1', '08:00', '09:00', '0', '4', '', '0', '2021-01-10', NULL, NULL, NULL),
('1347936671932485632', '2', '08:30', '09:30', '0', '4', '', '0', '2021-01-10', NULL, NULL, NULL),
('1347936672389664768', '3', '09:00', '10:00', '0', '4', '', '0', '2021-01-10', NULL, NULL, NULL),
('1347936672788123648', '4', '09:30', '10:30', '0', '4', '', '0', '2021-01-10', NULL, NULL, NULL),
('1347936673190776832', '1', '09:30', '10:30', '1', '4', '', '0', '2021-01-10', NULL, NULL, NULL),
('1347936673635373056', '2', '10:00', '11:00', '1', '4', '', '0', '2021-01-10', NULL, NULL, NULL),
('1347936674042220544', '5', '08:00', '09:00', '1', '4', '', '0', '2021-01-10', NULL, NULL, NULL),
('1347936674444873728', '6', '09:30', '10:30', '1', '4', '', '0', '2021-01-10', NULL, NULL, NULL),
('1347936674847526912', '3', '14:00', '15:00', '1', '4', '', '0', '2021-01-10', NULL, NULL, NULL),
('1347936675250180096', '4', '15:30', '16:30', '1', '4', '', '0', '2021-01-10', NULL, NULL, NULL),
('1347936675648638976', '7', '17:00', '18:00', '1', '4', '', '0', '2021-01-10', NULL, NULL, NULL),
('1347936676051292160', '5', '14:00', '15:00', '0', '4', '', '0', '2021-01-10', NULL, NULL, NULL),
('1347936676453945344', '6', '15:30', '16:30', '0', '4', '', '0', '2021-01-10', NULL, NULL, NULL),
('1347936676856598528', '8', '17:00', '18:00', '0', '4', '', '0', '2021-01-10', NULL, NULL, NULL),
('1347936677259251712', '7', '20:00', '21:00', '0', '4', '', '0', '2021-01-10', NULL, NULL, NULL),
('1347936677661904896', '8', '20:00', '21:00', '1', '4', '', '0', '2021-01-10', NULL, NULL, NULL),
('1347936678064558080', '8', '24:00', '24:30', '0', '4', '', '0', '2021-01-10', NULL, NULL, NULL),
('1348299059336712192', '1', '08:00', '09:00', '0', '4', '', '0', '2021-01-11', NULL, NULL, NULL),
('1348299059789697024', '2', '08:30', '09:30', '0', '4', '', '0', '2021-01-11', NULL, NULL, NULL),
('1348299060204933120', '3', '09:00', '10:00', '0', '4', '', '0', '2021-01-11', NULL, NULL, NULL),
('1348299060607586304', '4', '09:30', '10:30', '0', '4', '', '0', '2021-01-11', NULL, NULL, NULL),
('1348299061014433792', '1', '09:30', '10:30', '1', '4', '', '0', '2021-01-11', NULL, NULL, NULL),
('1348299061412892672', '2', '10:00', '11:00', '1', '4', '', '0', '2021-01-11', NULL, NULL, NULL),
('1348299061815545856', '5', '08:00', '09:00', '1', '4', '', '0', '2021-01-11', NULL, NULL, NULL),
('1348299062218199040', '6', '09:30', '10:30', '1', '4', '', '0', '2021-01-11', NULL, NULL, NULL),
('1348299062616657920', '3', '14:00', '15:00', '1', '4', '', '0', '2021-01-11', NULL, NULL, NULL),
('1348299063019311104', '4', '15:30', '16:30', '1', '4', '', '0', '2021-01-11', NULL, NULL, NULL),
('1348299063426158592', '7', '17:00', '18:00', '1', '4', '', '0', '2021-01-11', NULL, NULL, NULL),
('1348299063824617472', '5', '14:00', '15:00', '0', '4', '', '0', '2021-01-11', NULL, NULL, NULL),
('1348299064227270656', '6', '15:30', '16:30', '0', '4', '', '0', '2021-01-11', NULL, NULL, NULL),
('1348299064629923840', '8', '17:00', '18:00', '0', '4', '', '0', '2021-01-11', NULL, NULL, NULL),
('1348299065028382720', '7', '20:00', '21:00', '0', '4', '', '0', '2021-01-11', NULL, NULL, NULL),
('1348299065431035904', '8', '20:00', '21:00', '1', '4', '', '0', '2021-01-11', NULL, NULL, NULL),
('1348299065833689088', '8', '24:00', '24:30', '0', '4', '', '0', '2021-01-11', NULL, NULL, NULL),
('1348661447667879936', '1', '08:00', '09:00', '0', '4', '', '0', '2021-01-12', NULL, NULL, NULL),
('1348661448074727424', '2', '08:30', '09:30', '0', '4', '', '0', '2021-01-12', NULL, NULL, NULL),
('1348661448477380608', '3', '09:00', '10:00', '0', '4', '', '0', '2021-01-12', NULL, NULL, NULL),
('1348661448880033792', '4', '09:30', '10:30', '0', '4', '', '0', '2021-01-12', NULL, NULL, NULL),
('1348661449282686976', '1', '09:30', '10:30', '1', '4', '', '0', '2021-01-12', NULL, NULL, NULL),
('1348661449765031936', '2', '10:00', '11:00', '1', '4', '', '0', '2021-01-12', NULL, NULL, NULL),
('1348661450167685120', '5', '08:00', '09:00', '1', '4', '', '0', '2021-01-12', NULL, NULL, NULL),
('1348661451094626304', '6', '09:30', '10:30', '1', '4', '', '0', '2021-01-12', NULL, NULL, NULL),
('1348661451497279488', '3', '14:00', '15:00', '1', '4', '', '0', '2021-01-12', NULL, NULL, NULL),
('1348661451899932672', '4', '15:30', '16:30', '1', '4', '', '0', '2021-01-12', NULL, NULL, NULL),
('1348661452302585856', '7', '17:00', '18:00', '1', '4', '', '0', '2021-01-12', NULL, NULL, NULL),
('1348661452701044736', '5', '14:00', '15:00', '0', '4', '', '0', '2021-01-12', NULL, NULL, NULL),
('1348661453103697920', '6', '15:30', '16:30', '0', '4', '', '0', '2021-01-12', NULL, NULL, NULL),
('1348661453510545408', '8', '17:00', '18:00', '0', '4', '', '0', '2021-01-12', NULL, NULL, NULL),
('1348661453917392896', '7', '20:00', '21:00', '0', '4', '', '0', '2021-01-12', NULL, NULL, NULL),
('1348661454320046080', '8', '20:00', '21:00', '1', '4', '', '0', '2021-01-12', NULL, NULL, NULL),
('1348661454722699264', '8', '24:00', '24:30', '0', '4', '', '0', '2021-01-12', NULL, NULL, NULL),
('1349023835692863488', '1', '08:00', '09:00', '0', '4', '', '0', '2021-01-13', NULL, NULL, NULL),
('1349023836120682496', '2', '08:30', '09:30', '0', '4', '', '0', '2021-01-13', NULL, NULL, NULL),
('1349023836552695808', '3', '09:00', '10:00', '0', '4', '', '0', '2021-01-13', NULL, NULL, NULL),
('1349023836951154688', '4', '09:30', '10:30', '0', '4', '', '0', '2021-01-13', NULL, NULL, NULL),
('1349023837349613568', '1', '09:30', '10:30', '1', '4', '', '0', '2021-01-13', NULL, NULL, NULL),
('1349023837756461056', '2', '10:00', '11:00', '1', '4', '', '0', '2021-01-13', NULL, NULL, NULL),
('1349023838154919936', '5', '08:00', '09:00', '1', '4', '', '0', '2021-01-13', NULL, NULL, NULL),
('1349023838553378816', '6', '09:30', '10:30', '1', '4', '', '0', '2021-01-13', NULL, NULL, NULL),
('1349023838947643392', '3', '14:00', '15:00', '1', '4', '', '0', '2021-01-13', NULL, NULL, NULL),
('1349023839346102272', '4', '15:30', '16:30', '1', '4', '', '0', '2021-01-13', NULL, NULL, NULL),
('1349023839744561152', '7', '17:00', '18:00', '1', '4', '', '0', '2021-01-13', NULL, NULL, NULL),
('1349023840151408640', '5', '14:00', '15:00', '0', '4', '', '0', '2021-01-13', NULL, NULL, NULL),
('1349023840549867520', '6', '15:30', '16:30', '0', '4', '', '0', '2021-01-13', NULL, NULL, NULL),
('1349023840952520704', '8', '17:00', '18:00', '0', '4', '', '0', '2021-01-13', NULL, NULL, NULL),
('1349023841350979584', '7', '20:00', '21:00', '0', '4', '', '0', '2021-01-13', NULL, NULL, NULL),
('1349023841749438464', '8', '20:00', '21:00', '1', '4', '', '0', '2021-01-13', NULL, NULL, NULL),
('1349023842189840384', '8', '24:00', '24:30', '0', '4', '', '0', '2021-01-13', NULL, NULL, NULL),
('1349386223063535616', '1', '08:00', '09:00', '0', '4', '', '0', '2021-01-14', NULL, NULL, NULL),
('1349386223474577408', '2', '08:30', '09:30', '0', '4', '', '0', '2021-01-14', NULL, NULL, NULL),
('1349386223877230592', '3', '09:00', '10:00', '0', '4', '', '0', '2021-01-14', NULL, NULL, NULL),
('1349386224271495168', '4', '09:30', '10:30', '0', '4', '', '0', '2021-01-14', NULL, NULL, NULL),
('1349386224674148352', '1', '09:30', '10:30', '1', '4', '', '0', '2021-01-14', NULL, NULL, NULL),
('1349386225072607232', '2', '10:00', '11:00', '1', '4', '', '0', '2021-01-14', NULL, NULL, NULL),
('1349386225471066112', '5', '08:00', '09:00', '1', '4', '', '0', '2021-01-14', NULL, NULL, NULL),
('1349386225873719296', '6', '09:30', '10:30', '1', '4', '', '0', '2021-01-14', NULL, NULL, NULL),
('1349386226276372480', '3', '14:00', '15:00', '1', '4', '', '0', '2021-01-14', NULL, NULL, NULL),
('1349386226771300352', '4', '15:30', '16:30', '1', '4', '', '0', '2021-01-14', NULL, NULL, NULL),
('1349386227169759232', '7', '17:00', '18:00', '1', '4', '', '0', '2021-01-14', NULL, NULL, NULL),
('1349386227568218112', '5', '14:00', '15:00', '0', '4', '', '0', '2021-01-14', NULL, NULL, NULL),
('1349386227966676992', '6', '15:30', '16:30', '0', '4', '', '0', '2021-01-14', NULL, NULL, NULL),
('1349386228373524480', '8', '17:00', '18:00', '0', '4', '', '0', '2021-01-14', NULL, NULL, NULL),
('1349386228771983360', '7', '20:00', '21:00', '0', '4', '', '0', '2021-01-14', NULL, NULL, NULL),
('1349386229170442240', '8', '20:00', '21:00', '1', '4', '', '0', '2021-01-14', NULL, NULL, NULL),
('1349386229745061888', '8', '24:00', '24:30', '0', '4', '', '0', '2021-01-14', NULL, NULL, NULL),
('1350110999180611584', '1', '08:00', '09:00', '0', '4', '', '0', '2021-01-16', NULL, NULL, NULL),
('1350110999600041984', '2', '08:30', '09:30', '0', '4', '', '0', '2021-01-16', NULL, NULL, NULL),
('1350111000002695168', '3', '09:00', '10:00', '0', '4', '', '0', '2021-01-16', NULL, NULL, NULL),
('1350111000405348352', '4', '09:30', '10:30', '0', '4', '', '0', '2021-01-16', NULL, NULL, NULL),
('1350111000803807232', '1', '09:30', '10:30', '1', '4', '', '0', '2021-01-16', NULL, NULL, NULL),
('1350111001206460416', '2', '10:00', '11:00', '1', '4', '', '0', '2021-01-16', NULL, NULL, NULL),
('1350111001609113600', '5', '08:00', '09:00', '1', '4', '', '0', '2021-01-16', NULL, NULL, NULL),
('1350111002007572480', '6', '09:30', '10:30', '1', '4', '', '0', '2021-01-16', NULL, NULL, NULL),
('1350111002410225664', '3', '14:00', '15:00', '1', '4', '', '0', '2021-01-16', NULL, NULL, NULL),
('1350111002959679488', '4', '15:30', '16:30', '1', '4', '', '0', '2021-01-16', NULL, NULL, NULL),
('1350111003580436480', '7', '17:00', '18:00', '1', '4', '', '0', '2021-01-16', NULL, NULL, NULL),
('1350111003978895360', '5', '14:00', '15:00', '0', '4', '', '0', '2021-01-16', NULL, NULL, NULL),
('1350111004385742848', '6', '15:30', '16:30', '0', '4', '', '0', '2021-01-16', NULL, NULL, NULL),
('1350111004784201728', '8', '17:00', '18:00', '0', '4', '', '0', '2021-01-16', NULL, NULL, NULL),
('1350111005207826432', '7', '20:00', '21:00', '0', '4', '', '0', '2021-01-16', NULL, NULL, NULL),
('1350111005614673920', '8', '20:00', '21:00', '1', '4', '', '0', '2021-01-16', NULL, NULL, NULL),
('1350111006017327104', '8', '24:00', '24:30', '0', '4', '', '0', '2021-01-16', NULL, NULL, NULL),
('1350473385980858368', '1', '08:00', '09:00', '0', '4', '', '0', '2021-01-17', NULL, NULL, NULL),
('1350473386396094464', '2', '08:30', '09:30', '0', '4', '', '0', '2021-01-17', NULL, NULL, NULL),
('1350473386794553344', '3', '09:00', '10:00', '0', '4', '', '0', '2021-01-17', NULL, NULL, NULL),
('1350473387193012224', '4', '09:30', '10:30', '0', '4', '', '0', '2021-01-17', NULL, NULL, NULL),
('1350473387591471104', '1', '09:30', '10:30', '1', '4', '', '0', '2021-01-17', NULL, NULL, NULL),
('1350473387989929984', '2', '10:00', '11:00', '1', '4', '', '0', '2021-01-17', NULL, NULL, NULL),
('1350473388392583168', '5', '08:00', '09:00', '1', '4', '', '0', '2021-01-17', NULL, NULL, NULL),
('1350473388791042048', '6', '09:30', '10:30', '1', '4', '', '0', '2021-01-17', NULL, NULL, NULL),
('1350473389197889536', '3', '14:00', '15:00', '1', '4', '', '0', '2021-01-17', NULL, NULL, NULL),
('1350473389600542720', '4', '15:30', '16:30', '1', '4', '', '0', '2021-01-17', NULL, NULL, NULL),
('1350473389999001600', '7', '17:00', '18:00', '1', '4', '', '0', '2021-01-17', NULL, NULL, NULL),
('1350473390401654784', '5', '14:00', '15:00', '0', '4', '', '0', '2021-01-17', NULL, NULL, NULL),
('1350473390808502272', '6', '15:30', '16:30', '0', '4', '', '0', '2021-01-17', NULL, NULL, NULL),
('1350473391219544064', '8', '17:00', '18:00', '0', '4', '', '0', '2021-01-17', NULL, NULL, NULL),
('1350473391827718144', '7', '20:00', '21:00', '0', '4', '', '0', '2021-01-17', NULL, NULL, NULL),
('1350473392234565632', '8', '20:00', '21:00', '1', '4', '', '0', '2021-01-17', NULL, NULL, NULL),
('1350473392641413120', '8', '24:00', '24:30', '0', '4', '', '0', '2021-01-17', NULL, NULL, NULL),
('1350835774668541952', '1', '08:00', '09:00', '0', '4', '', '0', '2021-01-18', NULL, NULL, NULL),
('1350835775079583744', '2', '08:30', '09:30', '0', '4', '', '0', '2021-01-18', NULL, NULL, NULL),
('1350835775486431232', '3', '09:00', '10:00', '0', '4', '', '0', '2021-01-18', NULL, NULL, NULL),
('1350835775897473024', '4', '09:30', '10:30', '0', '4', '', '0', '2021-01-18', NULL, NULL, NULL),
('1350835776304320512', '1', '09:30', '10:30', '1', '4', '', '0', '2021-01-18', NULL, NULL, NULL),
('1350835776870551552', '2', '10:00', '11:00', '1', '4', '', '0', '2021-01-18', NULL, NULL, NULL),
('1350835777281593344', '5', '08:00', '09:00', '1', '4', '', '0', '2021-01-18', NULL, NULL, NULL),
('1350835777688440832', '6', '09:30', '10:30', '1', '4', '', '0', '2021-01-18', NULL, NULL, NULL),
('1350835778095288320', '3', '14:00', '15:00', '1', '4', '', '0', '2021-01-18', NULL, NULL, NULL),
('1350835778502135808', '4', '15:30', '16:30', '1', '4', '', '0', '2021-01-18', NULL, NULL, NULL),
('1350835778908983296', '7', '17:00', '18:00', '1', '4', '', '0', '2021-01-18', NULL, NULL, NULL),
('1350835779324219392', '5', '14:00', '15:00', '0', '4', '', '0', '2021-01-18', NULL, NULL, NULL),
('1350835779726872576', '6', '15:30', '16:30', '0', '4', '', '0', '2021-01-18', NULL, NULL, NULL),
('1350835780137914368', '8', '17:00', '18:00', '0', '4', '', '0', '2021-01-18', NULL, NULL, NULL),
('1350835780544761856', '7', '20:00', '21:00', '0', '4', '', '0', '2021-01-18', NULL, NULL, NULL),
('1350835780951609344', '8', '20:00', '21:00', '1', '4', '', '0', '2021-01-18', NULL, NULL, NULL),
('1350835781551394816', '8', '24:00', '24:30', '0', '4', '', '0', '2021-01-18', NULL, NULL, NULL),
('1351198162337009664', '1', '08:00', '09:00', '0', '4', '', '0', '2021-01-19', NULL, NULL, NULL),
('1351198162748051456', '2', '08:30', '09:30', '0', '4', '', '0', '2021-01-19', NULL, NULL, NULL),
('1351198163146510336', '3', '09:00', '10:00', '0', '4', '', '0', '2021-01-19', NULL, NULL, NULL),
('1351198163549163520', '4', '09:30', '10:30', '0', '4', '', '0', '2021-01-19', NULL, NULL, NULL),
('1351198163947622400', '1', '09:30', '10:30', '1', '4', '', '0', '2021-01-19', NULL, NULL, NULL),
('1351198164404801536', '2', '10:00', '11:00', '1', '4', '', '0', '2021-01-19', NULL, NULL, NULL),
('1351198164807454720', '5', '08:00', '09:00', '1', '4', '', '0', '2021-01-19', NULL, NULL, NULL),
('1351198165205913600', '6', '09:30', '10:30', '1', '4', '', '0', '2021-01-19', NULL, NULL, NULL),
('1351198165612761088', '3', '14:00', '15:00', '1', '4', '', '0', '2021-01-19', NULL, NULL, NULL),
('1351198166023802880', '4', '15:30', '16:30', '1', '4', '', '0', '2021-01-19', NULL, NULL, NULL),
('1351198166426456064', '7', '17:00', '18:00', '1', '4', '', '0', '2021-01-19', NULL, NULL, NULL),
('1351198166829109248', '5', '14:00', '15:00', '0', '4', '', '0', '2021-01-19', NULL, NULL, NULL),
('1351198167227568128', '6', '15:30', '16:30', '0', '4', '', '0', '2021-01-19', NULL, NULL, NULL),
('1351198167697330176', '8', '17:00', '18:00', '0', '4', '', '0', '2021-01-19', NULL, NULL, NULL),
('1351198168095789056', '7', '20:00', '21:00', '0', '4', '', '0', '2021-01-19', NULL, NULL, NULL),
('1351198168498442240', '8', '20:00', '21:00', '1', '4', '', '0', '2021-01-19', NULL, NULL, NULL),
('1351198168959815680', '8', '24:00', '24:30', '0', '4', '', '0', '2021-01-19', NULL, NULL, NULL),
('1351560550231969792', '1', '08:00', '09:00', '0', '4', '', '0', '2021-01-20', NULL, NULL, NULL),
('1351560550643011584', '2', '08:30', '09:30', '0', '4', '', '0', '2021-01-20', NULL, NULL, NULL),
('1351560551062441984', '3', '09:00', '10:00', '0', '4', '', '0', '2021-01-20', NULL, NULL, NULL),
('1351560551473483776', '4', '09:30', '10:30', '0', '4', '', '0', '2021-01-20', NULL, NULL, NULL),
('1351560551888719872', '1', '09:30', '10:30', '1', '4', '', '0', '2021-01-20', NULL, NULL, NULL),
('1351560552291373056', '2', '10:00', '11:00', '1', '4', '', '0', '2021-01-20', NULL, NULL, NULL),
('1351560552694026240', '5', '08:00', '09:00', '1', '4', '', '0', '2021-01-20', NULL, NULL, NULL),
('1351560553100873728', '6', '09:30', '10:30', '1', '4', '', '0', '2021-01-20', NULL, NULL, NULL),
('1351560553503526912', '3', '14:00', '15:00', '1', '4', '', '0', '2021-01-20', NULL, NULL, NULL),
('1351560553906180096', '4', '15:30', '16:30', '1', '4', '', '0', '2021-01-20', NULL, NULL, NULL),
('1351560554308833280', '7', '17:00', '18:00', '1', '4', '', '0', '2021-01-20', NULL, NULL, NULL),
('1351560554715680768', '5', '14:00', '15:00', '0', '4', '', '0', '2021-01-20', NULL, NULL, NULL),
('1351560555118333952', '6', '15:30', '16:30', '0', '4', '', '0', '2021-01-20', NULL, NULL, NULL),
('1351560555520987136', '8', '17:00', '18:00', '0', '4', '', '0', '2021-01-20', NULL, NULL, NULL),
('1351560555923640320', '7', '20:00', '21:00', '0', '4', '', '0', '2021-01-20', NULL, NULL, NULL),
('1351560556330487808', '8', '20:00', '21:00', '1', '4', '', '0', '2021-01-20', NULL, NULL, NULL),
('1351560556733140992', '8', '24:00', '24:30', '0', '4', '', '0', '2021-01-20', NULL, NULL, NULL),
('1351922938328256512', '1', '08:00', '09:00', '0', '4', '', '0', '2021-01-21', NULL, NULL, NULL),
('1351922938751881216', '2', '08:30', '09:30', '0', '4', '', '0', '2021-01-21', NULL, NULL, NULL),
('1351922939297140736', '3', '09:00', '10:00', '0', '4', '', '0', '2021-01-21', NULL, NULL, NULL),
('1351922939703988224', '4', '09:30', '10:30', '0', '4', '', '0', '2021-01-21', NULL, NULL, NULL),
('1351922940110835712', '1', '09:30', '10:30', '1', '4', '', '0', '2021-01-21', NULL, NULL, NULL),
('1351922940517683200', '2', '10:00', '11:00', '1', '4', '', '0', '2021-01-21', NULL, NULL, NULL),
('1351922940928724992', '5', '08:00', '09:00', '1', '4', '', '0', '2021-01-21', NULL, NULL, NULL),
('1351922941335572480', '6', '09:30', '10:30', '1', '4', '', '0', '2021-01-21', NULL, NULL, NULL),
('1351922941738225664', '3', '14:00', '15:00', '1', '4', '', '0', '2021-01-21', NULL, NULL, NULL),
('1351922942145073152', '4', '15:30', '16:30', '1', '4', '', '0', '2021-01-21', NULL, NULL, NULL),
('1351922942551920640', '7', '17:00', '18:00', '2', '4', '', '0', '2021-01-21', NULL, NULL, NULL),
('1351922942958768128', '5', '14:00', '15:00', '0', '4', '', '0', '2021-01-21', NULL, NULL, NULL),
('1351922943369809920', '6', '15:30', '16:30', '0', '4', '', '0', '2021-01-21', NULL, NULL, NULL),
('1351922943772463104', '8', '17:00', '18:00', '3', '4', '', '0', '2021-01-21', NULL, NULL, NULL),
('1351922944179310592', '7', '20:00', '21:00', '1', '4', '', '0', '2021-01-21', NULL, NULL, NULL),
('1351922944586158080', '8', '20:00', '21:00', '0', '4', '', '0', '2021-01-21', NULL, NULL, NULL),
('1351922944988811264', '8', '24:00', '24:30', '0', '4', '', '0', '2021-01-21', NULL, NULL, NULL),
('1354822042599428096', '1', '08:00', '09:00', '1', '4', '', '0', '2021-01-29', NULL, NULL, NULL),
('1354822044298121216', '2', '08:30', '09:30', '1', '4', '', '0', '2021-01-29', NULL, NULL, NULL),
('1354822044746911744', '3', '09:00', '10:00', '1', '4', '', '0', '2021-01-29', NULL, NULL, NULL),
('1354822045090844672', '4', '09:30', '10:30', '1', '4', '', '0', '2021-01-29', NULL, NULL, NULL),
('1354822045472526336', '1', '09:30', '10:30', '0', '4', '', '0', '2021-01-29', NULL, NULL, NULL),
('1354822045891956736', '2', '10:00', '11:00', '0', '4', '', '0', '2021-01-29', NULL, NULL, NULL),
('1354822046323970048', '5', '08:00', '09:00', '0', '4', '', '0', '2021-01-29', NULL, NULL, NULL),
('1354822046651125760', '6', '09:30', '10:30', '0', '4', '', '0', '2021-01-29', NULL, NULL, NULL),
('1354822047016030208', '3', '14:00', '15:00', '0', '4', '', '0', '2021-01-29', NULL, NULL, NULL),
('1354822047359963136', '4', '15:30', '16:30', '0', '4', '', '0', '2021-01-29', NULL, NULL, NULL),
('1354822047741644800', '7', '17:00', '18:00', '0', '4', '', '0', '2021-01-29', NULL, NULL, NULL),
('1354822048081383424', '5', '14:00', '15:00', '1', '4', '', '0', '2021-01-29', NULL, NULL, NULL),
('1354822048442093568', '6', '15:30', '16:30', '1', '4', '', '0', '2021-01-29', NULL, NULL, NULL),
('1354822048773443584', '8', '17:00', '18:00', '1', '4', '', '0', '2021-01-29', NULL, NULL, NULL),
('1354822049163513856', '7', '20:00', '21:00', '1', '4', '', '0', '2021-01-29', NULL, NULL, NULL),
('1354822049507446784', '8', '20:00', '21:00', '0', '4', '', '0', '2021-01-29', NULL, NULL, NULL),
('1354822049889128448', '8', '24:00', '24:30', '0', '4', '', '0', '2021-01-29', NULL, NULL, NULL),
('1357721260209082368', '1', '08:00', '09:00', '1', '4', '', '0', '2021-02-06', NULL, NULL, NULL),
('1357721266903191552', '2', '08:30', '09:30', '1', '4', '', '0', '2021-02-06', NULL, NULL, NULL);

INSERT INTO `sb_count` (`uuid`, `bus_id`, `begin_time`, `end_time`, `bus_status`, `price`, `selected_seats`, `seat_status`, `begin_date`, `updated_at`, `deleted_at`, `created_at`) VALUES
('1357721267331010560', '3', '09:00', '10:00', '0', '4', '', '0', '2021-02-06', NULL, NULL, NULL),
('1357721267758829568', '4', '09:30', '10:30', '0', '4', '', '0', '2021-02-06', NULL, NULL, NULL),
('1357721268060819456', '1', '09:30', '10:30', '1', '4', '', '0', '2021-02-06', NULL, NULL, NULL),
('1357721268836765696', '2', '10:00', '11:00', '1', '4', '', '0', '2021-02-06', NULL, NULL, NULL),
('1357721269667237888', '5', '08:00', '09:00', '0', '4', '', '0', '2021-02-06', NULL, NULL, NULL),
('1357721270048919552', '6', '09:30', '10:30', '1', '4', '', '0', '2021-02-06', NULL, NULL, NULL),
('1357721270749368320', '3', '14:00', '15:00', '1', '4', '', '0', '2021-02-06', NULL, NULL, NULL),
('1357721271294627840', '4', '15:30', '16:30', '1', '4', '', '0', '2021-02-06', NULL, NULL, NULL),
('1357721271617589248', '7', '17:00', '18:00', '1', '4', '', '0', '2021-02-06', NULL, NULL, NULL),
('1357721272154460160', '5', '14:00', '15:00', '0', '4', '', '0', '2021-02-06', NULL, NULL, NULL),
('1357721272691331072', '6', '15:30', '16:30', '0', '4', '', '0', '2021-02-06', NULL, NULL, NULL),
('1357721273282727936', '8', '17:00', '18:00', '0', '4', '', '0', '2021-02-06', NULL, NULL, NULL),
('1357721273781850112', '7', '20:00', '21:00', '0', '4', '', '0', '2021-02-06', NULL, NULL, NULL),
('1357721274301943808', '8', '20:00', '21:00', '1', '4', '', '0', '2021-02-06', NULL, NULL, NULL),
('1357721274771705856', '8', '24:00', '24:30', '0', '4', '', '0', '2021-02-06', NULL, NULL, NULL),
('1358083530025996288', '1', '08:00', '09:00', '1', '4', '', '0', '2021-02-07', NULL, NULL, NULL),
('1358083530818719744', '2', '08:30', '09:30', '1', '4', '', '0', '2021-02-07', NULL, NULL, NULL),
('1358083531280093184', '3', '09:00', '10:00', '1', '4', '', '0', '2021-02-07', NULL, NULL, NULL),
('1358083531695329280', '4', '09:30', '10:30', '1', '4', '', '0', '2021-02-07', NULL, NULL, NULL),
('1358083532135731200', '1', '09:30', '10:30', '0', '4', '', '0', '2021-02-07', NULL, NULL, NULL),
('1358083532626464768', '2', '10:00', '11:00', '1', '4', '', '0', '2021-02-07', NULL, NULL, NULL),
('1358083533041700864', '5', '08:00', '09:00', '0', '4', '', '0', '2021-02-07', NULL, NULL, NULL),
('1358083533805064192', '6', '09:30', '10:30', '0', '4', '', '0', '2021-02-07', NULL, NULL, NULL),
('1358083535210156032', '3', '14:00', '15:00', '1', '4', '', '0', '2021-02-07', NULL, NULL, NULL),
('1358083536598470656', '4', '15:30', '16:30', '1', '4', '', '0', '2021-02-07', NULL, NULL, NULL),
('1358083537038872576', '7', '17:00', '18:00', '1', '4', '', '0', '2021-02-07', NULL, NULL, NULL),
('1358083537521217536', '5', '14:00', '15:00', '0', '4', '', '0', '2021-02-07', NULL, NULL, NULL),
('1358083538016145408', '6', '15:30', '16:30', '0', '4', '', '0', '2021-02-07', NULL, NULL, NULL),
('1358083538511073280', '8', '17:00', '18:00', '0', '4', '', '0', '2021-02-07', NULL, NULL, NULL),
('1358083538959863808', '7', '20:00', '21:00', '0', '4', '', '0', '2021-02-07', NULL, NULL, NULL),
('1358083539370905600', '8', '20:00', '21:00', '1', '4', '', '0', '2021-02-07', NULL, NULL, NULL),
('1358083539798724608', '8', '24:00', '24:30', '0', '4', '', '0', '2021-02-07', NULL, NULL, NULL),
('1364142204939014144', '1', '08:00', '09:00', '1', '4', '', '0', '2021-02-23', NULL, NULL, NULL),
('1364142205345861632', '2', '08:30', '09:30', '1', '4', '', '0', '2021-02-23', NULL, NULL, NULL),
('1364142205782069248', '3', '09:00', '10:00', '1', '4', '', '0', '2021-02-23', NULL, NULL, NULL),
('1364142206151168000', '4', '09:30', '10:30', '1', '4', '', '0', '2021-02-23', NULL, NULL, NULL),
('1364142206503489536', '1', '09:30', '10:30', '0', '4', '', '0', '2021-02-23', NULL, NULL, NULL),
('1364142206918725632', '2', '10:00', '11:00', '0', '4', '', '0', '2021-02-23', NULL, NULL, NULL),
('1364142207321378816', '5', '08:00', '09:00', '0', '4', '', '0', '2021-02-23', NULL, NULL, NULL),
('1364142207640145920', '6', '09:30', '10:30', '0', '4', '', '0', '2021-02-23', NULL, NULL, NULL),
('1364142207984078848', '3', '14:00', '15:00', '0', '4', '', '0', '2021-02-23', NULL, NULL, NULL),
('1364142208315428864', '4', '15:30', '16:30', '0', '4', '', '0', '2021-02-23', NULL, NULL, NULL),
('1364142208655167488', '7', '17:00', '18:00', '0', '4', '', '0', '2021-02-23', NULL, NULL, NULL),
('1364142208978128896', '5', '14:00', '15:00', '1', '4', '', '0', '2021-02-23', NULL, NULL, NULL),
('1364142209326256128', '6', '15:30', '16:30', '1', '4', '', '0', '2021-02-23', NULL, NULL, NULL),
('1364142209649217536', '8', '17:00', '18:00', '1', '4', '', '0', '2021-02-23', NULL, NULL, NULL),
('1364142209967984640', '7', '20:00', '21:00', '0', '4', '', '0', '2021-02-23', NULL, NULL, NULL),
('1364243978005909504', '2', '08:30', '09:30', '0', '4', '', '0', '2021-02-24', NULL, NULL, NULL),
('1364243978320482304', '3', '09:00', '10:00', '0', '4', '', '0', '2021-02-24', NULL, NULL, NULL),
('1364243978794438656', '4', '09:30', '10:30', '0', '4', '', '0', '2021-02-24', NULL, NULL, NULL),
('1364243979109011456', '1', '09:30', '10:30', '1', '4', '', '0', '2021-02-24', NULL, NULL, NULL),
('1364243979419389952', '2', '10:00', '11:00', '1', '4', '', '0', '2021-02-24', NULL, NULL, NULL),
('1364243980665098240', '4', '15:30', '16:30', '1', '4', '', '0', '2021-02-24', NULL, NULL, NULL),
('1364243981600428032', '6', '15:30', '16:30', '0', '4', '', '0', '2021-02-24', NULL, NULL, NULL),
('1364243981919195136', '8', '17:00', '18:00', '0', '4', '', '0', '2021-02-24', NULL, NULL, NULL),
('1364243982229573632', '7', '20:00', '21:00', '0', '4', '', '0', '2021-02-24', NULL, NULL, NULL),
('1364635897114529792', '1', '08:00', '09:00', '1', '4', '', '0', '2021-02-25', NULL, NULL, NULL),
('1364635929846878208', '2', '08:30', '09:30', '1', '4', '', '0', '2021-02-25', NULL, NULL, NULL),
('1364635930132090880', '3', '09:00', '10:00', '1', '4', '', '0', '2021-02-25', NULL, NULL, NULL),
('1364635930912231424', '4', '09:30', '10:30', '1', '4', '', '0', '2021-02-25', NULL, NULL, NULL),
('1364635931629457408', '1', '09:30', '10:30', '0', '4', '', '0', '2021-02-25', NULL, NULL, NULL),
('1364635931918864384', '2', '10:00', '11:00', '1', '4', '', '0', '2021-02-25', NULL, NULL, NULL),
('1364635932216659968', '5', '08:00', '09:00', '0', '4', '', '0', '2021-02-25', NULL, NULL, NULL),
('1364635932497678336', '6', '09:30', '10:30', '0', '4', '', '0', '2021-02-25', NULL, NULL, NULL),
('1364635933068103680', '4', '15:30', '16:30', '1', '4', '', '0', '2021-02-25', NULL, NULL, NULL),
('1364635933349122048', '7', '17:00', '18:00', '1', '4', '', '0', '2021-02-25', NULL, NULL, NULL),
('1364635933630140416', '5', '14:00', '15:00', '0', '4', '', '0', '2021-02-25', NULL, NULL, NULL),
('1364635933961490432', '6', '15:30', '16:30', '0', '4', '', '0', '2021-02-25', NULL, NULL, NULL),
('1364635934238314496', '8', '17:00', '18:00', '0', '4', '', '0', '2021-02-25', NULL, NULL, NULL),
('1364635934519332864', '7', '20:00', '21:00', '0', '4', '', '0', '2021-02-25', NULL, NULL, NULL),
('1364635934804545536', '8', '20:00', '21:00', '1', '4', '', '0', '2021-02-25', NULL, NULL, NULL),
('1364635935119118336', '8', '24:00', '24:30', '0', '4', '', '0', '2021-02-25', NULL, NULL, NULL),
('1383813068483596288', '1', '08:00', '09:00', '0', '4', '', '0', '2021-04-19', NULL, NULL, NULL),
('1383813069213405184', '2', '08:30', '09:30', '0', '4', '', '0', '2021-04-19', NULL, NULL, NULL),
('1383813069624446976', '3', '09:00', '10:00', '0', '4', '', '0', '2021-04-19', NULL, NULL, NULL),
('1383813070035488768', '4', '09:30', '10:30', '0', '4', '', '0', '2021-04-19', NULL, NULL, NULL),
('1383813070446530560', '1', '09:30', '10:30', '1', '4', '', '0', '2021-04-19', NULL, NULL, NULL),
('1383813070857572352', '2', '10:00', '11:00', '1', '4', '', '0', '2021-04-19', NULL, NULL, NULL),
('1383813071285391360', '5', '08:00', '09:00', '1', '4', '', '0', '2021-04-19', NULL, NULL, NULL),
('1383813071696433152', '6', '09:30', '10:30', '1', '4', '', '0', '2021-04-19', NULL, NULL, NULL),
('1383813072111669248', '3', '14:00', '15:00', '1', '4', '', '0', '2021-04-19', NULL, NULL, NULL),
('1383813072518516736', '4', '15:30', '16:30', '1', '4', '', '0', '2021-04-19', NULL, NULL, NULL),
('1383813072925364224', '7', '17:00', '18:00', '1', '4', '', '0', '2021-04-19', NULL, NULL, NULL),
('1383813073340600320', '5', '14:00', '15:00', '0', '4', '', '0', '2021-04-19', NULL, NULL, NULL),
('1383813073751642112', '6', '15:30', '16:30', '0', '4', '', '0', '2021-04-19', NULL, NULL, NULL),
('1383813074158489600', '8', '17:00', '18:00', '0', '4', '', '0', '2021-04-19', NULL, NULL, NULL),
('1383813074565337088', '7', '20:00', '21:00', '0', '4', '', '0', '2021-04-19', NULL, NULL, NULL),
('1383813074988961792', '8', '20:00', '21:00', '1', '4', '', '0', '2021-04-19', NULL, NULL, NULL),
('1383813075467112448', '8', '24:00', '24:30', '0', '4', '', '0', '2021-04-19', NULL, NULL, NULL),
('1384175458014334976', '1', '08:00', '09:00', '0', '4', '', '0', '2021-04-20', NULL, NULL, NULL),
('1384175458433765376', '2', '08:30', '09:30', '0', '4', '', '0', '2021-04-20', NULL, NULL, NULL),
('1384175458832224256', '3', '09:00', '10:00', '0', '4', '', '0', '2021-04-20', NULL, NULL, NULL),
('1384175459239071744', '4', '09:30', '10:30', '0', '4', '', '0', '2021-04-20', NULL, NULL, NULL),
('1384175459641724928', '1', '09:30', '10:30', '1', '4', '', '0', '2021-04-20', NULL, NULL, NULL),
('1384175460044378112', '2', '10:00', '11:00', '1', '4', '', '0', '2021-04-20', NULL, NULL, NULL),
('1384175460442836992', '5', '08:00', '09:00', '1', '4', '', '0', '2021-04-20', NULL, NULL, NULL),
('1384175460853878784', '6', '09:30', '10:30', '1', '4', '', '0', '2021-04-20', NULL, NULL, NULL),
('1384175461256531968', '3', '14:00', '15:00', '1', '4', '', '0', '2021-04-20', NULL, NULL, NULL),
('1384175461654990848', '4', '15:30', '16:30', '1', '4', '', '0', '2021-04-20', NULL, NULL, NULL),
('1384175462057644032', '7', '17:00', '18:00', '1', '4', '', '0', '2021-04-20', NULL, NULL, NULL),
('1384175462523211776', '5', '14:00', '15:00', '0', '4', '', '0', '2021-04-20', NULL, NULL, NULL),
('1384175462930059264', '6', '15:30', '16:30', '0', '4', '', '0', '2021-04-20', NULL, NULL, NULL),
('1384175463341101056', '8', '17:00', '18:00', '0', '4', '', '0', '2021-04-20', NULL, NULL, NULL),
('1384175463819251712', '7', '20:00', '21:00', '0', '4', '', '0', '2021-04-20', NULL, NULL, NULL),
('1384175464230293504', '8', '20:00', '21:00', '1', '4', '', '0', '2021-04-20', NULL, NULL, NULL),
('1384175464628752384', '8', '24:00', '24:30', '0', '4', '', '0', '2021-04-20', NULL, NULL, NULL),
('1384537846488109056', '1', '08:00', '09:00', '0', '4', '', '0', '2021-04-21', NULL, NULL, NULL),
('1384537846907539456', '2', '08:30', '09:30', '0', '4', '', '0', '2021-04-21', NULL, NULL, NULL),
('1384537847305998336', '3', '09:00', '10:00', '0', '4', '', '0', '2021-04-21', NULL, NULL, NULL),
('1384537847717040128', '4', '09:30', '10:30', '0', '4', '', '0', '2021-04-21', NULL, NULL, NULL),
('1384537848115499008', '1', '09:30', '10:30', '1', '4', '', '0', '2021-04-21', NULL, NULL, NULL),
('1384537848526540800', '2', '10:00', '11:00', '1', '4', '', '0', '2021-04-21', NULL, NULL, NULL),
('1384537848924999680', '5', '08:00', '09:00', '1', '4', '', '0', '2021-04-21', NULL, NULL, NULL),
('1384537849327652864', '6', '09:30', '10:30', '1', '4', '', '0', '2021-04-21', NULL, NULL, NULL),
('1384537849738694656', '3', '14:00', '15:00', '1', '4', '', '0', '2021-04-21', NULL, NULL, NULL),
('1384537850283954176', '4', '15:30', '16:30', '2', '4', '', '0', '2021-04-21', NULL, NULL, NULL),
('1384537850686607360', '7', '17:00', '18:00', '1', '4', '', '0', '2021-04-21', NULL, NULL, NULL),
('1384537851089260544', '5', '14:00', '15:00', '0', '4', '', '0', '2021-04-21', NULL, NULL, NULL),
('1384537851500302336', '6', '15:30', '16:30', '3', '4', '', '0', '2021-04-21', NULL, NULL, NULL),
('1384537851911344128', '8', '17:00', '18:00', '0', '4', '', '0', '2021-04-21', NULL, NULL, NULL),
('1384537852313997312', '7', '20:00', '21:00', '0', '4', '', '0', '2021-04-21', NULL, NULL, NULL),
('1384537852716650496', '8', '20:00', '21:00', '1', '4', '', '0', '2021-04-21', NULL, NULL, NULL),
('1384537853119303680', '8', '24:00', '24:30', '0', '4', '', '0', '2021-04-21', NULL, NULL, NULL),
('1384900234609561600', '1', '08:00', '09:00', '0', '4', '', '0', '2021-04-22', NULL, NULL, NULL),
('1384900235024797696', '2', '08:30', '09:30', '0', '4', '', '0', '2021-04-22', NULL, NULL, NULL),
('1384900235423256576', '3', '09:00', '10:00', '0', '4', '', '0', '2021-04-22', NULL, NULL, NULL),
('1384900235825909760', '4', '09:30', '10:30', '0', '4', '', '0', '2021-04-22', NULL, NULL, NULL),
('1384900236228562944', '1', '09:30', '10:30', '1', '4', '', '0', '2021-04-22', NULL, NULL, NULL),
('1384900236631216128', '2', '10:00', '11:00', '1', '4', '', '0', '2021-04-22', NULL, NULL, NULL),
('1384900237050646528', '5', '08:00', '09:00', '1', '4', '', '0', '2021-04-22', NULL, NULL, NULL),
('1384900237453299712', '6', '09:30', '10:30', '1', '4', '', '0', '2021-04-22', NULL, NULL, NULL),
('1384900237851758592', '3', '14:00', '15:00', '1', '4', '', '0', '2021-04-22', NULL, NULL, NULL),
('1384900238254411776', '4', '15:30', '16:30', '1', '4', '', '0', '2021-04-22', NULL, NULL, NULL),
('1384900238652870656', '7', '17:00', '18:00', '1', '4', '', '0', '2021-04-22', NULL, NULL, NULL),
('1384900239051329536', '5', '14:00', '15:00', '0', '4', '', '0', '2021-04-22', NULL, NULL, NULL),
('1384900239449788416', '6', '15:30', '16:30', '0', '4', '', '0', '2021-04-22', NULL, NULL, NULL),
('1384900239848247296', '8', '17:00', '18:00', '0', '4', '', '0', '2021-04-22', NULL, NULL, NULL),
('1384900240250900480', '7', '20:00', '21:00', '0', '4', '', '0', '2021-04-22', NULL, NULL, NULL),
('1384900240653553664', '8', '20:00', '21:00', '1', '4', '', '0', '2021-04-22', NULL, NULL, NULL),
('1384900241056206848', '8', '24:00', '24:30', '0', '4', '1,3,7', '0', '2021-04-22', NULL, NULL, NULL),
('1385262619933413376', '1', '08:00', '09:00', '0', '4', '', '0', '2021-04-23', NULL, NULL, NULL),
('1385262620566753280', '2', '08:30', '09:30', '0', '4', '', '0', '2021-04-23', NULL, NULL, NULL),
('1385262621699215360', '3', '09:00', '10:00', '0', '4', '', '0', '2021-04-23', NULL, NULL, NULL),
('1385262622399664128', '4', '09:30', '10:30', '0', '4', '', '0', '2021-04-23', NULL, NULL, NULL),
('1385262623028809728', '1', '09:30', '10:30', '1', '4', '', '0', '2021-04-23', NULL, NULL, NULL),
('1385262623662149632', '2', '10:00', '11:00', '1', '4', '', '0', '2021-04-23', NULL, NULL, NULL),
('1385262624295489536', '5', '08:00', '09:00', '1', '4', '', '0', '2021-04-23', NULL, NULL, NULL),
('1385262624924635136', '6', '09:30', '10:30', '1', '4', '', '0', '2021-04-23', NULL, NULL, NULL),
('1385262625557975040', '3', '14:00', '15:00', '1', '4', '', '0', '2021-04-23', NULL, NULL, NULL),
('1385262626191314944', '4', '15:30', '16:30', '1', '4', '', '0', '2021-04-23', NULL, NULL, NULL),
('1385262626828849152', '7', '17:00', '18:00', '1', '4', '', '0', '2021-04-23', NULL, NULL, NULL),
('1385262627457994752', '5', '14:00', '15:00', '0', '4', '', '0', '2021-04-23', NULL, NULL, NULL),
('1385262628103917568', '6', '15:30', '16:30', '0', '4', '', '0', '2021-04-23', NULL, NULL, NULL),
('1385262628733063168', '8', '17:00', '18:00', '0', '4', '', '0', '2021-04-23', NULL, NULL, NULL),
('1385262629366403072', '7', '20:00', '21:00', '0', '4', '', '0', '2021-04-23', NULL, NULL, NULL),
('1385262629995548672', '8', '20:00', '21:00', '1', '4', '', '0', '2021-04-23', NULL, NULL, NULL),
('1385262630624694272', '8', '24:00', '24:30', '0', '4', '', '0', '2021-04-23', NULL, NULL, NULL),
('1385625008054865920', '1', '08:00', '09:00', '0', '4', '', '0', '2021-04-24', NULL, NULL, NULL),
('1385625008482684928', '2', '08:30', '09:30', '0', '4', '', '0', '2021-04-24', NULL, NULL, NULL),
('1385625008876949504', '3', '09:00', '10:00', '0', '4', '', '0', '2021-04-24', NULL, NULL, NULL),
('1385625009262825472', '4', '09:30', '10:30', '0', '4', '', '0', '2021-04-24', NULL, NULL, NULL),
('1385625009652895744', '1', '09:30', '10:30', '1', '4', '', '0', '2021-04-24', NULL, NULL, NULL),
('1385625010051354624', '2', '10:00', '11:00', '1', '4', '', '0', '2021-04-24', NULL, NULL, NULL),
('1385625010441424896', '5', '08:00', '09:00', '1', '4', '', '0', '2021-04-24', NULL, NULL, NULL),
('1385625010835689472', '6', '09:30', '10:30', '1', '4', '', '0', '2021-04-24', NULL, NULL, NULL),
('1385625011414503424', '3', '14:00', '15:00', '1', '4', '', '0', '2021-04-24', NULL, NULL, NULL),
('1385625011804573696', '4', '15:30', '16:30', '1', '4', '', '0', '2021-04-24', NULL, NULL, NULL),
('1385625012194643968', '7', '17:00', '18:00', '1', '4', '', '0', '2021-04-24', NULL, NULL, NULL),
('1385625012580519936', '5', '14:00', '15:00', '0', '4', '', '0', '2021-04-24', NULL, NULL, NULL),
('1385625012974784512', '6', '15:30', '16:30', '0', '4', '', '0', '2021-04-24', NULL, NULL, NULL),
('1385625013373243392', '8', '17:00', '18:00', '0', '4', '', '0', '2021-04-24', NULL, NULL, NULL),
('1385625013767507968', '7', '20:00', '21:00', '0', '4', '', '0', '2021-04-24', NULL, NULL, NULL),
('1385625014161772544', '8', '20:00', '21:00', '1', '4', '', '0', '2021-04-24', NULL, NULL, NULL),
('1385625014560231424', '8', '24:00', '24:30', '0', '4', '', '0', '2021-04-24', NULL, NULL, NULL),
('1385987395429732352', '1', '08:00', '09:00', '0', '4', '', '0', '2021-04-25', NULL, NULL, NULL),
('1385987396146958336', '2', '08:30', '09:30', '0', '4', '', '0', '2021-04-25', NULL, NULL, NULL),
('1385987396549611520', '3', '09:00', '10:00', '0', '4', '', '0', '2021-04-25', NULL, NULL, NULL),
('1385987396948070400', '4', '09:30', '10:30', '0', '4', '', '0', '2021-04-25', NULL, NULL, NULL),
('1385987397342334976', '1', '09:30', '10:30', '1', '4', '', '0', '2021-04-25', NULL, NULL, NULL),
('1385987397740793856', '2', '10:00', '11:00', '1', '4', '', '0', '2021-04-25', NULL, NULL, NULL),
('1385987398139252736', '5', '08:00', '09:00', '1', '4', '', '0', '2021-04-25', NULL, NULL, NULL),
('1385987398533517312', '6', '09:30', '10:30', '1', '4', '', '0', '2021-04-25', NULL, NULL, NULL),
('1385987398936170496', '3', '14:00', '15:00', '1', '4', '', '0', '2021-04-25', NULL, NULL, NULL),
('1385987399334629376', '4', '15:30', '16:30', '1', '4', '', '0', '2021-04-25', NULL, NULL, NULL),
('1385987399733088256', '7', '17:00', '18:00', '1', '4', '', '0', '2021-04-25', NULL, NULL, NULL),
('1385987400131547136', '5', '14:00', '15:00', '0', '4', '', '0', '2021-04-25', NULL, NULL, NULL),
('1385987400664223744', '6', '15:30', '16:30', '0', '4', '', '0', '2021-04-25', NULL, NULL, NULL),
('1385987401066876928', '8', '17:00', '18:00', '0', '4', '', '0', '2021-04-25', NULL, NULL, NULL),
('1385987401465335808', '7', '20:00', '21:00', '0', '4', '', '0', '2021-04-25', NULL, NULL, NULL),
('1385987401859600384', '8', '20:00', '21:00', '1', '4', '', '0', '2021-04-25', NULL, NULL, NULL),
('1385987402262253568', '8', '24:00', '24:30', '0', '4', '', '0', '2021-04-25', NULL, NULL, NULL),
('1386349788081033216', '1', '08:00', '09:00', '0', '4', '', '0', '2021-04-26', NULL, NULL, NULL),
('1386349788554989568', '2', '08:30', '09:30', '0', '4', '', '0', '2021-04-26', NULL, NULL, NULL),
('1386349788957642752', '3', '09:00', '10:00', '0', '4', '', '0', '2021-04-26', NULL, NULL, NULL),
('1386349789351907328', '4', '09:30', '10:30', '0', '4', '', '0', '2021-04-26', NULL, NULL, NULL),
('1386349789750366208', '1', '09:30', '10:30', '1', '4', '', '0', '2021-04-26', NULL, NULL, NULL),
('1386349790157213696', '2', '10:00', '11:00', '1', '4', '', '0', '2021-04-26', NULL, NULL, NULL),
('1386349790572449792', '5', '08:00', '09:00', '1', '4', '', '0', '2021-04-26', NULL, NULL, NULL),
('1386349791000268800', '6', '09:30', '10:30', '1', '4', '', '0', '2021-04-26', NULL, NULL, NULL),
('1386349791419699200', '3', '14:00', '15:00', '1', '4', '', '0', '2021-04-26', NULL, NULL, NULL),
('1386349791818158080', '4', '15:30', '16:30', '1', '4', '', '0', '2021-04-26', NULL, NULL, NULL),
('1386349792216616960', '7', '17:00', '18:00', '1', '4', '', '0', '2021-04-26', NULL, NULL, NULL),
('1386349792610881536', '5', '14:00', '15:00', '0', '4', '', '0', '2021-04-26', NULL, NULL, NULL),
('1386349793017729024', '6', '15:30', '16:30', '0', '4', '', '0', '2021-04-26', NULL, NULL, NULL),
('1386349793432965120', '8', '17:00', '18:00', '0', '4', '', '0', '2021-04-26', NULL, NULL, NULL),
('1386349793827229696', '7', '20:00', '21:00', '0', '4', '', '0', '2021-04-26', NULL, NULL, NULL),
('1386349794255048704', '8', '20:00', '21:00', '1', '4', '', '0', '2021-04-26', NULL, NULL, NULL),
('1386349794708033536', '8', '24:00', '24:30', '0', '4', '', '0', '2021-04-26', NULL, NULL, NULL),
('1386712173711069184', '1', '08:00', '09:00', '0', '4', '', '0', '2021-04-27', NULL, NULL, NULL),
('1386712174180831232', '2', '08:30', '09:30', '0', '4', '', '0', '2021-04-27', NULL, NULL, NULL),
('1386712174579290112', '3', '09:00', '10:00', '0', '4', '', '0', '2021-04-27', NULL, NULL, NULL),
('1386712174977748992', '4', '09:30', '10:30', '0', '4', '', '0', '2021-04-27', NULL, NULL, NULL),
('1386712175481065472', '1', '09:30', '10:30', '1', '4', '', '0', '2021-04-27', NULL, NULL, NULL),
('1386712175875330048', '2', '10:00', '11:00', '1', '4', '', '0', '2021-04-27', NULL, NULL, NULL),
('1386712176273788928', '5', '08:00', '09:00', '1', '4', '', '0', '2021-04-27', NULL, NULL, NULL),
('1386712176668053504', '6', '09:30', '10:30', '1', '4', '', '0', '2021-04-27', NULL, NULL, NULL),
('1386712177079095296', '3', '14:00', '15:00', '1', '4', '', '0', '2021-04-27', NULL, NULL, NULL),
('1386712177477554176', '4', '15:30', '16:30', '1', '4', '', '0', '2021-04-27', NULL, NULL, NULL),
('1386712177901178880', '7', '17:00', '18:00', '1', '4', '', '0', '2021-04-27', NULL, NULL, NULL),
('1386712178299637760', '5', '14:00', '15:00', '0', '4', '', '0', '2021-04-27', NULL, NULL, NULL),
('1386712178693902336', '6', '15:30', '16:30', '0', '4', '', '0', '2021-04-27', NULL, NULL, NULL),
('1386712179088166912', '8', '17:00', '18:00', '0', '4', '', '0', '2021-04-27', NULL, NULL, NULL),
('1386712179486625792', '7', '20:00', '21:00', '0', '4', '', '0', '2021-04-27', NULL, NULL, NULL),
('1386712179880890368', '8', '20:00', '21:00', '1', '4', '', '0', '2021-04-27', NULL, NULL, NULL),
('1386712180287737856', '8', '24:00', '24:30', '0', '4', '', '0', '2021-04-27', NULL, NULL, NULL),
('1387074562071597056', '1', '08:00', '09:00', '0', '4', '', '0', '2021-04-28', NULL, NULL, NULL),
('1387074562507804672', '2', '08:30', '09:30', '0', '4', '', '0', '2021-04-28', NULL, NULL, NULL),
('1387074562902069248', '3', '09:00', '10:00', '0', '4', '', '0', '2021-04-28', NULL, NULL, NULL),
('1387074563313111040', '4', '09:30', '10:30', '0', '4', '', '0', '2021-04-28', NULL, NULL, NULL),
('1387074563703181312', '1', '09:30', '10:30', '1', '4', '', '0', '2021-04-28', NULL, NULL, NULL),
('1387074564089057280', '2', '10:00', '11:00', '1', '4', '', '0', '2021-04-28', NULL, NULL, NULL),
('1387074564483321856', '5', '08:00', '09:00', '1', '4', '', '0', '2021-04-28', NULL, NULL, NULL),
('1387074564869197824', '6', '09:30', '10:30', '1', '4', '', '0', '2021-04-28', NULL, NULL, NULL),
('1387074565259268096', '3', '14:00', '15:00', '1', '4', '', '0', '2021-04-28', NULL, NULL, NULL),
('1387074565645144064', '4', '15:30', '16:30', '1', '4', '', '0', '2021-04-28', NULL, NULL, NULL),
('1387074566047797248', '7', '17:00', '18:00', '1', '4', '', '0', '2021-04-28', NULL, NULL, NULL),
('1387074566442061824', '5', '14:00', '15:00', '0', '4', '', '0', '2021-04-28', NULL, NULL, NULL),
('1387074566827937792', '6', '15:30', '16:30', '0', '4', '', '0', '2021-04-28', NULL, NULL, NULL),
('1387074567222202368', '8', '17:00', '18:00', '0', '4', '', '0', '2021-04-28', NULL, NULL, NULL),
('1387074567771656192', '7', '20:00', '21:00', '0', '4', '', '0', '2021-04-28', NULL, NULL, NULL),
('1387074568161726464', '8', '20:00', '21:00', '1', '4', '', '0', '2021-04-28', NULL, NULL, NULL),
('1387074568555991040', '8', '24:00', '24:30', '0', '4', '', '0', '2021-04-28', NULL, NULL, NULL),
('1387436949610041344', '1', '08:00', '09:00', '0', '4', '', '0', '2021-04-29', NULL, NULL, NULL),
('1387436950021083136', '2', '08:30', '09:30', '0', '4', '', '0', '2021-04-29', NULL, NULL, NULL),
('1387436950436319232', '3', '09:00', '10:00', '0', '4', '', '0', '2021-04-29', NULL, NULL, NULL),
('1387436950826389504', '4', '09:30', '10:30', '0', '4', '', '0', '2021-04-29', NULL, NULL, NULL),
('1387436951346483200', '1', '09:30', '10:30', '1', '4', '', '0', '2021-04-29', NULL, NULL, NULL),
('1387436951740747776', '2', '10:00', '11:00', '1', '4', '', '0', '2021-04-29', NULL, NULL, NULL),
('1387436952143400960', '5', '08:00', '09:00', '1', '4', '', '0', '2021-04-29', NULL, NULL, NULL),
('1387436952533471232', '6', '09:30', '10:30', '1', '4', '', '0', '2021-04-29', NULL, NULL, NULL),
('1387436952923541504', '3', '14:00', '15:00', '1', '4', '', '0', '2021-04-29', NULL, NULL, NULL),
('1387436953309417472', '4', '15:30', '16:30', '1', '4', '', '0', '2021-04-29', NULL, NULL, NULL),
('1387436953699487744', '7', '17:00', '18:00', '1', '4', '', '0', '2021-04-29', NULL, NULL, NULL),
('1387436954085363712', '5', '14:00', '15:00', '0', '4', '', '0', '2021-04-29', NULL, NULL, NULL),
('1387436954483822592', '6', '15:30', '16:30', '0', '4', '', '0', '2021-04-29', NULL, NULL, NULL),
('1387436954890670080', '8', '17:00', '18:00', '0', '4', '', '0', '2021-04-29', NULL, NULL, NULL),
('1387436955293323264', '7', '20:00', '21:00', '3', '4', '', '0', '2021-04-29', NULL, NULL, NULL),
('1387436955708559360', '8', '20:00', '21:00', '2', '4', '', '0', '2021-04-29', NULL, NULL, NULL),
('1387436956165738496', '8', '24:00', '24:30', '0', '4', '', '0', '2021-04-29', NULL, NULL, NULL),
('1388161724896645120', '1', '08:00', '09:00', '0', '4', '', '0', '2021-05-01', NULL, NULL, NULL),
('1388161725311881216', '2', '08:30', '09:30', '0', '4', '', '0', '2021-05-01', NULL, NULL, NULL),
('1388161725714534400', '3', '09:00', '10:00', '0', '4', '', '0', '2021-05-01', NULL, NULL, NULL),
('1388161726150742016', '4', '09:30', '10:30', '0', '4', '', '0', '2021-05-01', NULL, NULL, NULL),
('1388161726545006592', '1', '09:30', '10:30', '1', '4', '', '0', '2021-05-01', NULL, NULL, NULL),
('1388161726939271168', '2', '10:00', '11:00', '1', '4', '', '0', '2021-05-01', NULL, NULL, NULL),
('1388161727333535744', '5', '08:00', '09:00', '1', '4', '', '0', '2021-05-01', NULL, NULL, NULL),
('1388161727727800320', '6', '09:30', '10:30', '1', '4', '', '0', '2021-05-01', NULL, NULL, NULL),
('1388161728126259200', '3', '14:00', '15:00', '1', '4', '', '0', '2021-05-01', NULL, NULL, NULL),
('1388161728520523776', '4', '15:30', '16:30', '1', '4', '', '0', '2021-05-01', NULL, NULL, NULL),
('1388161728918982656', '7', '17:00', '18:00', '1', '4', '', '0', '2021-05-01', NULL, NULL, NULL),
('1388161729313247232', '5', '14:00', '15:00', '0', '4', '', '0', '2021-05-01', NULL, NULL, NULL),
('1388161729707511808', '6', '15:30', '16:30', '0', '4', '', '0', '2021-05-01', NULL, NULL, NULL),
('1388161730097582080', '8', '17:00', '18:00', '0', '4', '', '0', '2021-05-01', NULL, NULL, NULL),
('1388161730491846656', '7', '20:00', '21:00', '0', '4', '', '0', '2021-05-01', NULL, NULL, NULL),
('1388161730886111232', '8', '20:00', '21:00', '1', '4', '', '0', '2021-05-01', NULL, NULL, NULL),
('1388161731276181504', '8', '24:00', '24:30', '0', '4', '', '0', '2021-05-01', NULL, NULL, NULL),
('1388524112430895104', '1', '08:00', '09:00', '0', '4', '', '0', '2021-05-02', NULL, NULL, NULL),
('1388524112829353984', '2', '08:30', '09:30', '0', '4', '', '0', '2021-05-02', NULL, NULL, NULL),
('1388524113219424256', '3', '09:00', '10:00', '0', '4', '', '0', '2021-05-02', NULL, NULL, NULL),
('1388524113622077440', '4', '09:30', '10:30', '0', '4', '', '0', '2021-05-02', NULL, NULL, NULL),
('1388524114007953408', '1', '09:30', '10:30', '1', '4', '', '0', '2021-05-02', NULL, NULL, NULL),
('1388524114393829376', '2', '10:00', '11:00', '1', '4', '', '0', '2021-05-02', NULL, NULL, NULL),
('1388524114951671808', '5', '08:00', '09:00', '1', '4', '', '0', '2021-05-02', NULL, NULL, NULL),
('1388524115337547776', '6', '09:30', '10:30', '1', '4', '', '0', '2021-05-02', NULL, NULL, NULL),
('1388524115765366784', '3', '14:00', '15:00', '1', '4', '', '0', '2021-05-02', NULL, NULL, NULL),
('1388524116151242752', '4', '15:30', '16:30', '1', '4', '', '0', '2021-05-02', NULL, NULL, NULL),
('1388524116541313024', '7', '17:00', '18:00', '1', '4', '', '0', '2021-05-02', NULL, NULL, NULL),
('1388524116927188992', '5', '14:00', '15:00', '0', '4', '', '0', '2021-05-02', NULL, NULL, NULL),
('1388524117317259264', '6', '15:30', '16:30', '0', '4', '', '0', '2021-05-02', NULL, NULL, NULL),
('1388524117703135232', '8', '17:00', '18:00', '0', '4', '', '0', '2021-05-02', NULL, NULL, NULL),
('1388524118114177024', '7', '20:00', '21:00', '0', '4', '', '0', '2021-05-02', NULL, NULL, NULL),
('1388524118541996032', '8', '20:00', '21:00', '1', '4', '', '0', '2021-05-02', NULL, NULL, NULL),
('1388524118932066304', '8', '24:00', '24:30', '0', '4', '', '0', '2021-05-02', NULL, NULL, NULL),
('1388886498543276032', '1', '08:00', '09:00', '0', '4', '', '0', '2021-05-03', NULL, NULL, NULL),
('1388886498950123520', '2', '08:30', '09:30', '0', '4', '', '0', '2021-05-03', NULL, NULL, NULL),
('1388886499453440000', '3', '09:00', '10:00', '0', '4', '', '0', '2021-05-03', NULL, NULL, NULL),
('1388886499856093184', '4', '09:30', '10:30', '0', '4', '', '0', '2021-05-03', NULL, NULL, NULL),
('1388886500250357760', '1', '09:30', '10:30', '1', '4', '', '0', '2021-05-03', NULL, NULL, NULL),
('1388886500640428032', '2', '10:00', '11:00', '1', '4', '', '0', '2021-05-03', NULL, NULL, NULL),
('1388886501034692608', '5', '08:00', '09:00', '1', '4', '', '0', '2021-05-03', NULL, NULL, NULL),
('1388886501428957184', '6', '09:30', '10:30', '1', '4', '', '0', '2021-05-03', NULL, NULL, NULL),
('1388886501886136320', '3', '14:00', '15:00', '1', '4', '', '0', '2021-05-03', NULL, NULL, NULL),
('1388886502280400896', '4', '15:30', '16:30', '1', '4', '', '0', '2021-05-03', NULL, NULL, NULL),
('1388886502855020544', '7', '17:00', '18:00', '1', '4', '', '0', '2021-05-03', NULL, NULL, NULL),
('1388886503249285120', '5', '14:00', '15:00', '0', '4', '', '0', '2021-05-03', NULL, NULL, NULL),
('1388886503647744000', '6', '15:30', '16:30', '0', '4', '', '0', '2021-05-03', NULL, NULL, NULL),
('1388886504046202880', '8', '17:00', '18:00', '0', '4', '', '0', '2021-05-03', NULL, NULL, NULL),
('1388886504448856064', '7', '20:00', '21:00', '0', '4', '', '0', '2021-05-03', NULL, NULL, NULL),
('1388886504847314944', '8', '20:00', '21:00', '1', '4', '', '0', '2021-05-03', NULL, NULL, NULL),
('1388886505241579520', '8', '24:00', '24:30', '0', '4', '', '0', '2021-05-03', NULL, NULL, NULL),
('1389248888308895744', '1', '08:00', '09:00', '0', '4', '', '0', '2021-05-04', NULL, NULL, NULL),
('1389248888698966016', '2', '08:30', '09:30', '0', '4', '', '0', '2021-05-04', NULL, NULL, NULL),
('1389248889089036288', '3', '09:00', '10:00', '0', '4', '', '0', '2021-05-04', NULL, NULL, NULL),
('1389248889474912256', '4', '09:30', '10:30', '0', '4', '', '0', '2021-05-04', NULL, NULL, NULL),
('1389248889860788224', '1', '09:30', '10:30', '1', '4', '', '0', '2021-05-04', NULL, NULL, NULL),
('1389248890246664192', '2', '10:00', '11:00', '1', '4', '', '0', '2021-05-04', NULL, NULL, NULL),
('1389248890632540160', '5', '08:00', '09:00', '1', '4', '', '0', '2021-05-04', NULL, NULL, NULL),
('1389248891014221824', '6', '09:30', '10:30', '1', '4', '', '0', '2021-05-04', NULL, NULL, NULL),
('1389248891400097792', '3', '14:00', '15:00', '1', '4', '', '0', '2021-05-04', NULL, NULL, NULL),
('1389248891785973760', '4', '15:30', '16:30', '1', '4', '', '0', '2021-05-04', NULL, NULL, NULL),
('1389248892171849728', '7', '17:00', '18:00', '1', '4', '', '0', '2021-05-04', NULL, NULL, NULL),
('1389248892553531392', '5', '14:00', '15:00', '0', '4', '', '0', '2021-05-04', NULL, NULL, NULL),
('1389248892943601664', '6', '15:30', '16:30', '0', '4', '', '0', '2021-05-04', NULL, NULL, NULL),
('1389248893442723840', '8', '17:00', '18:00', '0', '4', '', '0', '2021-05-04', NULL, NULL, NULL),
('1389248893832794112', '7', '20:00', '21:00', '0', '4', '', '0', '2021-05-04', NULL, NULL, NULL),
('1389248894218670080', '8', '20:00', '21:00', '1', '4', '', '0', '2021-05-04', NULL, NULL, NULL),
('1389248894625517568', '8', '24:00', '24:30', '0', '4', '', '0', '2021-05-04', NULL, NULL, NULL),
('1389611276048666624', '1', '08:00', '09:00', '0', '4', '', '0', '2021-05-05', NULL, NULL, NULL),
('1389611276451319808', '2', '08:30', '09:30', '0', '4', '', '0', '2021-05-05', NULL, NULL, NULL),
('1389611276845584384', '3', '09:00', '10:00', '0', '4', '', '0', '2021-05-05', NULL, NULL, NULL),
('1389611277239848960', '4', '09:30', '10:30', '0', '4', '', '0', '2021-05-05', NULL, NULL, NULL),
('1389611277634113536', '1', '09:30', '10:30', '1', '4', '', '0', '2021-05-05', NULL, NULL, NULL),
('1389611278028378112', '2', '10:00', '11:00', '1', '4', '', '0', '2021-05-05', NULL, NULL, NULL),
('1389611278422642688', '5', '08:00', '09:00', '1', '4', '', '0', '2021-05-05', NULL, NULL, NULL),
('1389611278812712960', '6', '09:30', '10:30', '1', '4', '', '0', '2021-05-05', NULL, NULL, NULL),
('1389611279206977536', '3', '14:00', '15:00', '1', '4', '', '0', '2021-05-05', NULL, NULL, NULL),
('1389611279601242112', '4', '15:30', '16:30', '1', '4', '', '0', '2021-05-05', NULL, NULL, NULL),
('1389611279991312384', '7', '17:00', '18:00', '1', '4', '', '0', '2021-05-05', NULL, NULL, NULL),
('1389611280385576960', '5', '14:00', '15:00', '0', '4', '', '0', '2021-05-05', NULL, NULL, NULL),
('1389611280784035840', '6', '15:30', '16:30', '0', '4', '', '0', '2021-05-05', NULL, NULL, NULL),
('1389611281178300416', '8', '17:00', '18:00', '0', '4', '', '0', '2021-05-05', NULL, NULL, NULL),
('1389611281572564992', '7', '20:00', '21:00', '0', '4', '', '0', '2021-05-05', NULL, NULL, NULL),
('1389611281996189696', '8', '20:00', '21:00', '1', '4', '', '0', '2021-05-05', NULL, NULL, NULL),
('1389611282453368832', '8', '24:00', '24:30', '0', '4', '', '0', '2021-05-05', NULL, NULL, NULL),
('1389973664291753984', '1', '08:00', '09:00', '0', '4', '', '0', '2021-05-06', NULL, NULL, NULL),
('1389973664702795776', '2', '08:30', '09:30', '0', '4', '', '0', '2021-05-06', NULL, NULL, NULL),
('1389973665088671744', '3', '09:00', '10:00', '0', '4', '', '0', '2021-05-06', NULL, NULL, NULL),
('1389973665474547712', '4', '09:30', '10:30', '0', '4', '', '0', '2021-05-06', NULL, NULL, NULL),
('1389973665864617984', '1', '09:30', '10:30', '1', '4', '', '0', '2021-05-06', NULL, NULL, NULL),
('1389973666250493952', '2', '10:00', '11:00', '1', '4', '', '0', '2021-05-06', NULL, NULL, NULL),
('1389973666816724992', '5', '08:00', '09:00', '1', '4', '', '0', '2021-05-06', NULL, NULL, NULL),
('1389973667206795264', '6', '09:30', '10:30', '1', '4', '', '0', '2021-05-06', NULL, NULL, NULL),
('1389973667592671232', '3', '14:00', '15:00', '1', '4', '', '0', '2021-05-06', NULL, NULL, NULL),
('1389973667978547200', '4', '15:30', '16:30', '1', '4', '', '0', '2021-05-06', NULL, NULL, NULL),
('1389973668364423168', '7', '17:00', '18:00', '1', '4', '', '0', '2021-05-06', NULL, NULL, NULL),
('1389973668758687744', '5', '14:00', '15:00', '0', '4', '', '0', '2021-05-06', NULL, NULL, NULL),
('1389973669148758016', '6', '15:30', '16:30', '0', '4', '', '0', '2021-05-06', NULL, NULL, NULL),
('1389973669534633984', '8', '17:00', '18:00', '0', '4', '', '0', '2021-05-06', NULL, NULL, NULL),
('1389973669920509952', '7', '20:00', '21:00', '0', '4', '', '0', '2021-05-06', NULL, NULL, NULL),
('1389973670331551744', '8', '20:00', '21:00', '1', '4', '', '0', '2021-05-06', NULL, NULL, NULL),
('1389973670717427712', '8', '24:00', '24:30', '0', '4', '', '0', '2021-05-06', NULL, NULL, NULL),
('1390336052144771072', '1', '08:00', '09:00', '0', '4', '', '0', '2021-05-07', NULL, NULL, NULL),
('1390336052585172992', '2', '08:30', '09:30', '0', '4', '', '0', '2021-05-07', NULL, NULL, NULL),
('1390336052975243264', '3', '09:00', '10:00', '0', '4', '', '0', '2021-05-07', NULL, NULL, NULL),
('1390336053369507840', '4', '09:30', '10:30', '0', '4', '', '0', '2021-05-07', NULL, NULL, NULL),
('1390336053759578112', '1', '09:30', '10:30', '1', '4', '', '0', '2021-05-07', NULL, NULL, NULL),
('1390336054149648384', '2', '10:00', '11:00', '1', '4', '', '0', '2021-05-07', NULL, NULL, NULL),
('1390336054539718656', '5', '08:00', '09:00', '1', '4', '', '0', '2021-05-07', NULL, NULL, NULL),
('1390336054942371840', '6', '09:30', '10:30', '1', '4', '', '0', '2021-05-07', NULL, NULL, NULL),
('1390336055332442112', '3', '14:00', '15:00', '1', '4', '', '0', '2021-05-07', NULL, NULL, NULL),
('1390336055718318080', '4', '15:30', '16:30', '1', '4', '', '0', '2021-05-07', NULL, NULL, NULL),
('1390336056108388352', '7', '17:00', '18:00', '1', '4', '', '0', '2021-05-07', NULL, NULL, NULL),
('1390336056502652928', '5', '14:00', '15:00', '0', '4', '', '0', '2021-05-07', NULL, NULL, NULL),
('1390336057077272576', '6', '15:30', '16:30', '0', '4', '', '0', '2021-05-07', NULL, NULL, NULL),
('1390336057471537152', '8', '17:00', '18:00', '0', '4', '', '0', '2021-05-07', NULL, NULL, NULL),
('1390336057861607424', '7', '20:00', '21:00', '0', '4', '', '0', '2021-05-07', NULL, NULL, NULL),
('1390336058247483392', '8', '20:00', '21:00', '1', '4', '', '0', '2021-05-07', NULL, NULL, NULL),
('1390336058645942272', '8', '24:00', '24:30', '0', '4', '19', '0', '2021-05-07', NULL, NULL, NULL),
('1390698441184776192', '1', '08:00', '09:00', '0', '4', '', '0', '2021-05-08', NULL, NULL, NULL),
('1390698441612595200', '2', '08:30', '09:30', '0', '4', '', '0', '2021-05-08', NULL, NULL, NULL),
('1390698442011054080', '3', '09:00', '10:00', '0', '4', '', '0', '2021-05-08', NULL, NULL, NULL),
('1390698442413707264', '4', '09:30', '10:30', '0', '4', '', '0', '2021-05-08', NULL, NULL, NULL),
('1390698442812166144', '1', '09:30', '10:30', '1', '4', '', '0', '2021-05-08', NULL, NULL, NULL),
('1390698443210625024', '2', '10:00', '11:00', '1', '4', '', '0', '2021-05-08', NULL, NULL, NULL),
('1390698443609083904', '5', '08:00', '09:00', '1', '4', '', '0', '2021-05-08', NULL, NULL, NULL),
('1390698444007542784', '6', '09:30', '10:30', '1', '4', '', '0', '2021-05-08', NULL, NULL, NULL),
('1390698444431167488', '3', '14:00', '15:00', '1', '4', '', '0', '2021-05-08', NULL, NULL, NULL),
('1390698444825432064', '4', '15:30', '16:30', '1', '4', '', '0', '2021-05-08', NULL, NULL, NULL),
('1390698445223890944', '7', '17:00', '18:00', '1', '4', '', '0', '2021-05-08', NULL, NULL, NULL),
('1390698445618155520', '5', '14:00', '15:00', '0', '4', '', '0', '2021-05-08', NULL, NULL, NULL),
('1390698446020808704', '6', '15:30', '16:30', '0', '4', '', '0', '2021-05-08', NULL, NULL, NULL),
('1390698446415073280', '8', '17:00', '18:00', '0', '4', '', '0', '2021-05-08', NULL, NULL, NULL),
('1390698446809337856', '7', '20:00', '21:00', '0', '4', '', '0', '2021-05-08', NULL, NULL, NULL),
('1390698447207796736', '8', '20:00', '21:00', '1', '4', '', '0', '2021-05-08', NULL, NULL, NULL),
('1390698447606255616', '8', '24:00', '24:30', '0', '4', '', '0', '2021-05-08', NULL, NULL, NULL),
('1391060825535549440', '1', '08:00', '09:00', '0', '4', '', '0', '2021-05-09', NULL, NULL, NULL),
('1391060825942396928', '2', '08:30', '09:30', '0', '4', '', '0', '2021-05-09', NULL, NULL, NULL),
('1391060826340855808', '3', '09:00', '10:00', '0', '4', '', '0', '2021-05-09', NULL, NULL, NULL),
('1391060826751897600', '4', '09:30', '10:30', '0', '4', '', '0', '2021-05-09', NULL, NULL, NULL),
('1391060827150356480', '1', '09:30', '10:30', '1', '4', '', '0', '2021-05-09', NULL, NULL, NULL),
('1391060827561398272', '2', '10:00', '11:00', '1', '4', '', '0', '2021-05-09', NULL, NULL, NULL),
('1391060827964051456', '5', '08:00', '09:00', '1', '4', '', '0', '2021-05-09', NULL, NULL, NULL),
('1391060828370898944', '6', '09:30', '10:30', '1', '4', '', '0', '2021-05-09', NULL, NULL, NULL),
('1391060828769357824', '3', '14:00', '15:00', '1', '4', '', '0', '2021-05-09', NULL, NULL, NULL),
('1391060829167816704', '4', '15:30', '16:30', '1', '4', '', '0', '2021-05-09', NULL, NULL, NULL),
('1391060829604024320', '7', '17:00', '18:00', '1', '4', '', '0', '2021-05-09', NULL, NULL, NULL),
('1391060830031843328', '5', '14:00', '15:00', '0', '4', '', '0', '2021-05-09', NULL, NULL, NULL),
('1391060830463856640', '6', '15:30', '16:30', '0', '4', '', '0', '2021-05-09', NULL, NULL, NULL),
('1391060830883287040', '8', '17:00', '18:00', '0', '4', '', '0', '2021-05-09', NULL, NULL, NULL),
('1391060831298523136', '7', '20:00', '21:00', '0', '4', '', '0', '2021-05-09', NULL, NULL, NULL),
('1391060831701176320', '8', '20:00', '21:00', '1', '4', '', '0', '2021-05-09', NULL, NULL, NULL),
('1391060832112218112', '8', '24:00', '24:30', '0', '4', '', '0', '2021-05-09', NULL, NULL, NULL),
('1391423213476646912', '1', '08:00', '09:00', '0', '4', '', '0', '2021-05-10', NULL, NULL, NULL),
('1391423213879300096', '2', '08:30', '09:30', '0', '4', '', '0', '2021-05-10', NULL, NULL, NULL),
('1391423214269370368', '3', '09:00', '10:00', '0', '4', '', '0', '2021-05-10', NULL, NULL, NULL),
('1391423214663634944', '4', '09:30', '10:30', '0', '4', '', '0', '2021-05-10', NULL, NULL, NULL),
('1391423215057899520', '1', '09:30', '10:30', '1', '4', '', '0', '2021-05-10', NULL, NULL, NULL),
('1391423215452164096', '2', '10:00', '11:00', '1', '4', '', '0', '2021-05-10', NULL, NULL, NULL),
('1391423215842234368', '5', '08:00', '09:00', '1', '4', '', '0', '2021-05-10', NULL, NULL, NULL),
('1391423216232304640', '6', '09:30', '10:30', '1', '4', '', '0', '2021-05-10', NULL, NULL, NULL),
('1391423216626569216', '3', '14:00', '15:00', '1', '4', '', '0', '2021-05-10', NULL, NULL, NULL),
('1391423217020833792', '4', '15:30', '16:30', '1', '4', '', '0', '2021-05-10', NULL, NULL, NULL),
('1391423217410904064', '7', '17:00', '18:00', '1', '4', '', '0', '2021-05-10', NULL, NULL, NULL),
('1391423217800974336', '5', '14:00', '15:00', '0', '4', '', '0', '2021-05-10', NULL, NULL, NULL),
('1391423218363011072', '6', '15:30', '16:30', '0', '4', '', '0', '2021-05-10', NULL, NULL, NULL),
('1391423218753081344', '8', '17:00', '18:00', '0', '4', '', '0', '2021-05-10', NULL, NULL, NULL),
('1391423219147345920', '7', '20:00', '21:00', '0', '4', '', '0', '2021-05-10', NULL, NULL, NULL),
('1391423219537416192', '8', '20:00', '21:00', '1', '4', '', '0', '2021-05-10', NULL, NULL, NULL),
('1391423219927486464', '8', '24:00', '24:30', '0', '4', '', '0', '2021-05-10', NULL, NULL, NULL),
('1391785603204517888', '1', '08:00', '09:00', '0', '4', '', '0', '2021-05-11', NULL, NULL, NULL),
('1391785603607171072', '2', '08:30', '09:30', '0', '4', '', '0', '2021-05-11', NULL, NULL, NULL),
('1391785604001435648', '3', '09:00', '10:00', '0', '4', '', '0', '2021-05-11', NULL, NULL, NULL),
('1391785604395700224', '4', '09:30', '10:30', '0', '4', '', '0', '2021-05-11', NULL, NULL, NULL),
('1391785604789964800', '1', '09:30', '10:30', '1', '4', '', '0', '2021-05-11', NULL, NULL, NULL),
('1391785605180035072', '2', '10:00', '11:00', '1', '4', '', '0', '2021-05-11', NULL, NULL, NULL),
('1391785605578493952', '5', '08:00', '09:00', '1', '4', '', '0', '2021-05-11', NULL, NULL, NULL),
('1391785606044061696', '6', '09:30', '10:30', '1', '4', '', '0', '2021-05-11', NULL, NULL, NULL),
('1391785606438326272', '3', '14:00', '15:00', '1', '4', '', '0', '2021-05-11', NULL, NULL, NULL),
('1391785606832590848', '4', '15:30', '16:30', '1', '4', '', '0', '2021-05-11', NULL, NULL, NULL),
('1391785607222661120', '7', '17:00', '18:00', '1', '4', '', '0', '2021-05-11', NULL, NULL, NULL),
('1391785607625314304', '5', '14:00', '15:00', '0', '4', '', '0', '2021-05-11', NULL, NULL, NULL),
('1391785608019578880', '6', '15:30', '16:30', '0', '4', '', '0', '2021-05-11', NULL, NULL, NULL),
('1391785608413843456', '8', '17:00', '18:00', '0', '4', '', '0', '2021-05-11', NULL, NULL, NULL),
('1391785608812302336', '7', '20:00', '21:00', '0', '4', '', '0', '2021-05-11', NULL, NULL, NULL),
('1391785609206566912', '8', '20:00', '21:00', '1', '4', '', '0', '2021-05-11', NULL, NULL, NULL),
('1391785609600831488', '8', '24:00', '24:30', '0', '4', '', '0', '2021-05-11', NULL, NULL, NULL),
('1392147991065923584', '1', '08:00', '09:00', '0', '4', '', '0', '2021-05-12', NULL, NULL, NULL),
('1392147991468576768', '2', '08:30', '09:30', '0', '4', '', '0', '2021-05-12', NULL, NULL, NULL),
('1392147991892201472', '3', '09:00', '10:00', '0', '4', '', '0', '2021-05-12', NULL, NULL, NULL),
('1392147992294854656', '4', '09:30', '10:30', '0', '4', '', '0', '2021-05-12', NULL, NULL, NULL),
('1392147992777199616', '1', '09:30', '10:30', '1', '4', '', '0', '2021-05-12', NULL, NULL, NULL),
('1392147993171464192', '2', '10:00', '11:00', '1', '4', '', '0', '2021-05-12', NULL, NULL, NULL),
('1392147993569923072', '5', '08:00', '09:00', '1', '4', '', '0', '2021-05-12', NULL, NULL, NULL),
('1392147993964187648', '6', '09:30', '10:30', '1', '4', '', '0', '2021-05-12', NULL, NULL, NULL),
('1392147994362646528', '3', '14:00', '15:00', '1', '4', '', '0', '2021-05-12', NULL, NULL, NULL),
('1392147994765299712', '4', '15:30', '16:30', '1', '4', '', '0', '2021-05-12', NULL, NULL, NULL),
('1392147995172147200', '7', '17:00', '18:00', '1', '4', '', '0', '2021-05-12', NULL, NULL, NULL),
('1392147995574800384', '5', '14:00', '15:00', '0', '4', '', '0', '2021-05-12', NULL, NULL, NULL),
('1392147995973259264', '6', '15:30', '16:30', '0', '4', '', '0', '2021-05-12', NULL, NULL, NULL),
('1392147996375912448', '8', '17:00', '18:00', '0', '4', '', '0', '2021-05-12', NULL, NULL, NULL),
('1392147996774371328', '7', '20:00', '21:00', '0', '4', '', '0', '2021-05-12', NULL, NULL, NULL),
('1392147997168635904', '8', '20:00', '21:00', '1', '4', '', '0', '2021-05-12', NULL, NULL, NULL),
('1392147997567094784', '8', '24:00', '24:30', '0', '4', '', '0', '2021-05-12', NULL, NULL, NULL),
('1392510378889580544', '1', '08:00', '09:00', '0', '4', '', '0', '2021-05-13', NULL, NULL, NULL),
('1392510379296428032', '2', '08:30', '09:30', '0', '4', '', '0', '2021-05-13', NULL, NULL, NULL),
('1392510379686498304', '3', '09:00', '10:00', '0', '4', '', '0', '2021-05-13', NULL, NULL, NULL),
('1392510380131094528', '4', '09:30', '10:30', '0', '4', '', '0', '2021-05-13', NULL, NULL, NULL),
('1392510380521164800', '1', '09:30', '10:30', '1', '4', '', '0', '2021-05-13', NULL, NULL, NULL),
('1392510380907040768', '2', '10:00', '11:00', '1', '4', '', '0', '2021-05-13', NULL, NULL, NULL),
('1392510381297111040', '5', '08:00', '09:00', '1', '4', '', '0', '2021-05-13', NULL, NULL, NULL),
('1392510381687181312', '6', '09:30', '10:30', '1', '4', '', '0', '2021-05-13', NULL, NULL, NULL),
('1392510382077251584', '3', '14:00', '15:00', '1', '4', '', '0', '2021-05-13', NULL, NULL, NULL),
('1392510382471516160', '4', '15:30', '16:30', '1', '4', '', '0', '2021-05-13', NULL, NULL, NULL),
('1392510382861586432', '7', '17:00', '18:00', '1', '4', '', '0', '2021-05-13', NULL, NULL, NULL),
('1392510383260045312', '5', '14:00', '15:00', '0', '4', '', '0', '2021-05-13', NULL, NULL, NULL),
('1392510383650115584', '6', '15:30', '16:30', '0', '4', '', '0', '2021-05-13', NULL, NULL, NULL),
('1392510384040185856', '8', '17:00', '18:00', '0', '4', '', '0', '2021-05-13', NULL, NULL, NULL),
('1392510384430256128', '7', '20:00', '21:00', '0', '4', '', '0', '2021-05-13', NULL, NULL, NULL),
('1392510384828715008', '8', '20:00', '21:00', '1', '4', '', '0', '2021-05-13', NULL, NULL, NULL),
('1392510385218785280', '8', '24:00', '24:30', '0', '4', '', '0', '2021-05-13', NULL, NULL, NULL),
('1392872765782102016', '1', '08:00', '09:00', '0', '4', '', '0', '2021-05-14', NULL, NULL, NULL),
('1392872766398664704', '2', '08:30', '09:30', '0', '4', '', '0', '2021-05-14', NULL, NULL, NULL),
('1392872766830678016', '3', '09:00', '10:00', '0', '4', '', '0', '2021-05-14', NULL, NULL, NULL),
('1392872767216553984', '4', '09:30', '10:30', '0', '4', '', '0', '2021-05-14', NULL, NULL, NULL),
('1392872767606624256', '1', '09:30', '10:30', '1', '4', '', '0', '2021-05-14', NULL, NULL, NULL),
('1392872768000888832', '2', '10:00', '11:00', '1', '4', '', '0', '2021-05-14', NULL, NULL, NULL),
('1392872768386764800', '5', '08:00', '09:00', '1', '4', '', '0', '2021-05-14', NULL, NULL, NULL),
('1392872768797806592', '6', '09:30', '10:30', '1', '4', '', '0', '2021-05-14', NULL, NULL, NULL),
('1392872769183682560', '3', '14:00', '15:00', '1', '4', '', '0', '2021-05-14', NULL, NULL, NULL),
('1392872769569558528', '4', '15:30', '16:30', '1', '4', '', '0', '2021-05-14', NULL, NULL, NULL),
('1392872769959628800', '7', '17:00', '18:00', '1', '4', '', '0', '2021-05-14', NULL, NULL, NULL),
('1392872770383253504', '5', '14:00', '15:00', '0', '4', '', '0', '2021-05-14', NULL, NULL, NULL),
('1392872770773323776', '6', '15:30', '16:30', '0', '4', '', '0', '2021-05-14', NULL, NULL, NULL),
('1392872771163394048', '8', '17:00', '18:00', '0', '4', '', '0', '2021-05-14', NULL, NULL, NULL),
('1392872771553464320', '7', '20:00', '21:00', '0', '4', '', '0', '2021-05-14', NULL, NULL, NULL),
('1392872771939340288', '8', '20:00', '21:00', '1', '4', '', '0', '2021-05-14', NULL, NULL, NULL),
('1392872772325216256', '8', '24:00', '24:30', '0', '4', '', '0', '2021-05-14', NULL, NULL, NULL),
('1393235155790991360', '1', '08:00', '09:00', '0', '4', '', '0', '2021-05-15', NULL, NULL, NULL),
('1393235156218810368', '2', '08:30', '09:30', '0', '4', '', '0', '2021-05-15', NULL, NULL, NULL),
('1393235156642435072', '3', '09:00', '10:00', '0', '4', '', '0', '2021-05-15', NULL, NULL, NULL);

INSERT INTO `sb_count` (`uuid`, `bus_id`, `begin_time`, `end_time`, `bus_status`, `price`, `selected_seats`, `seat_status`, `begin_date`, `updated_at`, `deleted_at`, `created_at`) VALUES
('1393235157040893952', '4', '09:30', '10:30', '0', '4', '', '0', '2021-05-15', NULL, NULL, NULL),
('1393235157435158528', '1', '09:30', '10:30', '1', '4', '', '0', '2021-05-15', NULL, NULL, NULL),
('1393235157829423104', '2', '10:00', '11:00', '1', '4', '', '0', '2021-05-15', NULL, NULL, NULL),
('1393235158223687680', '5', '08:00', '09:00', '1', '4', '', '0', '2021-05-15', NULL, NULL, NULL),
('1393235158617952256', '6', '09:30', '10:30', '1', '4', '', '0', '2021-05-15', NULL, NULL, NULL),
('1393235159012216832', '3', '14:00', '15:00', '1', '4', '', '0', '2021-05-15', NULL, NULL, NULL),
('1393235159406481408', '4', '15:30', '16:30', '1', '4', '', '0', '2021-05-15', NULL, NULL, NULL),
('1393235159800745984', '7', '17:00', '18:00', '1', '4', '', '0', '2021-05-15', NULL, NULL, NULL),
('1393235160199204864', '5', '14:00', '15:00', '0', '4', '', '0', '2021-05-15', NULL, NULL, NULL),
('1393235160589275136', '6', '15:30', '16:30', '0', '4', '', '0', '2021-05-15', NULL, NULL, NULL),
('1393235160983539712', '8', '17:00', '18:00', '0', '4', '', '0', '2021-05-15', NULL, NULL, NULL),
('1393235161386192896', '7', '20:00', '21:00', '0', '4', '', '0', '2021-05-15', NULL, NULL, NULL),
('1393235161780457472', '8', '20:00', '21:00', '1', '4', '', '0', '2021-05-15', NULL, NULL, NULL),
('1393235162174722048', '8', '24:00', '24:30', '0', '4', '', '0', '2021-05-15', NULL, NULL, NULL),
('1393597545137180672', '1', '08:00', '09:00', '0', '4', '', '0', '2021-05-16', NULL, NULL, NULL),
('1393597545581776896', '2', '08:30', '09:30', '0', '4', '', '0', '2021-05-16', NULL, NULL, NULL),
('1393597546101870592', '3', '09:00', '10:00', '0', '4', '', '0', '2021-05-16', NULL, NULL, NULL),
('1393597546491940864', '4', '09:30', '10:30', '0', '4', '', '0', '2021-05-16', NULL, NULL, NULL),
('1393597546882011136', '1', '09:30', '10:30', '1', '4', '', '0', '2021-05-16', NULL, NULL, NULL),
('1393597547272081408', '2', '10:00', '11:00', '1', '4', '', '0', '2021-05-16', NULL, NULL, NULL),
('1393597547666345984', '5', '08:00', '09:00', '1', '4', '', '0', '2021-05-16', NULL, NULL, NULL),
('1393597548060610560', '6', '09:30', '10:30', '1', '4', '', '0', '2021-05-16', NULL, NULL, NULL),
('1393597548459069440', '3', '14:00', '15:00', '1', '4', '', '0', '2021-05-16', NULL, NULL, NULL),
('1393597548849139712', '4', '15:30', '16:30', '1', '4', '', '0', '2021-05-16', NULL, NULL, NULL),
('1393597549251792896', '7', '17:00', '18:00', '1', '4', '', '0', '2021-05-16', NULL, NULL, NULL),
('1393597549746720768', '5', '14:00', '15:00', '0', '4', '', '0', '2021-05-16', NULL, NULL, NULL),
('1393597550136791040', '6', '15:30', '16:30', '0', '4', '', '0', '2021-05-16', NULL, NULL, NULL),
('1393597550526861312', '8', '17:00', '18:00', '0', '4', '', '0', '2021-05-16', NULL, NULL, NULL),
('1393597550958874624', '7', '20:00', '21:00', '0', '4', '', '0', '2021-05-16', NULL, NULL, NULL),
('1393597551344750592', '8', '20:00', '21:00', '1', '4', '', '0', '2021-05-16', NULL, NULL, NULL),
('1393597551730626560', '8', '24:00', '24:30', '0', '4', '', '0', '2021-05-16', NULL, NULL, NULL),
('1393959931551551488', '1', '08:00', '09:00', '0', '4', '', '0', '2021-05-17', NULL, NULL, NULL),
('1393959931970981888', '2', '08:30', '09:30', '0', '4', '', '0', '2021-05-17', NULL, NULL, NULL),
('1393959932369440768', '3', '09:00', '10:00', '0', '4', '', '0', '2021-05-17', NULL, NULL, NULL),
('1393959932772093952', '4', '09:30', '10:30', '0', '4', '', '0', '2021-05-17', NULL, NULL, NULL),
('1393959933178941440', '1', '09:30', '10:30', '1', '4', '', '0', '2021-05-17', NULL, NULL, NULL),
('1393959933577400320', '2', '10:00', '11:00', '1', '4', '', '0', '2021-05-17', NULL, NULL, NULL),
('1393959934017802240', '5', '08:00', '09:00', '1', '4', '', '0', '2021-05-17', NULL, NULL, NULL),
('1393959934416261120', '6', '09:30', '10:30', '1', '4', '', '0', '2021-05-17', NULL, NULL, NULL),
('1393959934814720000', '3', '14:00', '15:00', '1', '4', '', '0', '2021-05-17', NULL, NULL, NULL),
('1393959935213178880', '4', '15:30', '16:30', '1', '4', '', '0', '2021-05-17', NULL, NULL, NULL),
('1393959935615832064', '7', '17:00', '18:00', '1', '4', '', '0', '2021-05-17', NULL, NULL, NULL),
('1393959936182063104', '5', '14:00', '15:00', '0', '4', '', '0', '2021-05-17', NULL, NULL, NULL),
('1393959936580521984', '6', '15:30', '16:30', '0', '4', '', '0', '2021-05-17', NULL, NULL, NULL),
('1393959936978980864', '8', '17:00', '18:00', '0', '4', '', '0', '2021-05-17', NULL, NULL, NULL),
('1393959937381634048', '7', '20:00', '21:00', '0', '4', '', '0', '2021-05-17', NULL, NULL, NULL),
('1393959937780092928', '8', '20:00', '21:00', '1', '4', '', '0', '2021-05-17', NULL, NULL, NULL),
('1393959938178551808', '8', '24:00', '24:30', '0', '4', '', '0', '2021-05-17', NULL, NULL, NULL),
('1394322320071462912', '1', '08:00', '09:00', '0', '4', '', '0', '2021-05-18', NULL, NULL, NULL),
('1394322320486699008', '2', '08:30', '09:30', '0', '4', '', '0', '2021-05-18', NULL, NULL, NULL),
('1394322320872574976', '3', '09:00', '10:00', '0', '4', '', '0', '2021-05-18', NULL, NULL, NULL),
('1394322321258450944', '4', '09:30', '10:30', '0', '4', '', '0', '2021-05-18', NULL, NULL, NULL),
('1394322321703047168', '1', '09:30', '10:30', '1', '4', '', '0', '2021-05-18', NULL, NULL, NULL),
('1394322322088923136', '2', '10:00', '11:00', '1', '4', '', '0', '2021-05-18', NULL, NULL, NULL),
('1394322322474799104', '5', '08:00', '09:00', '1', '4', '', '0', '2021-05-18', NULL, NULL, NULL),
('1394322322864869376', '6', '09:30', '10:30', '1', '4', '', '0', '2021-05-18', NULL, NULL, NULL),
('1394322323254939648', '3', '14:00', '15:00', '1', '4', '', '0', '2021-05-18', NULL, NULL, NULL),
('1394322323645009920', '4', '15:30', '16:30', '1', '4', '', '0', '2021-05-18', NULL, NULL, NULL),
('1394322324026691584', '7', '17:00', '18:00', '1', '4', '', '0', '2021-05-18', NULL, NULL, NULL),
('1394322324429344768', '5', '14:00', '15:00', '0', '4', '', '0', '2021-05-18', NULL, NULL, NULL),
('1394322324819415040', '6', '15:30', '16:30', '0', '4', '', '0', '2021-05-18', NULL, NULL, NULL),
('1394322325205291008', '8', '17:00', '18:00', '0', '4', '', '0', '2021-05-18', NULL, NULL, NULL),
('1394322325595361280', '7', '20:00', '21:00', '0', '4', '', '0', '2021-05-18', NULL, NULL, NULL),
('1394322325989625856', '8', '20:00', '21:00', '1', '4', '', '0', '2021-05-18', NULL, NULL, NULL),
('1394322326375501824', '8', '24:00', '24:30', '0', '4', ',', '0', '2021-05-18', NULL, NULL, NULL),
('1394684707463106560', '1', '08:00', '09:00', '0', '4', '', '0', '2021-05-19', NULL, NULL, NULL),
('1394684707979005952', '2', '08:30', '09:30', '0', '4', '', '0', '2021-05-19', NULL, NULL, NULL),
('1394684708377464832', '3', '09:00', '10:00', '0', '4', '', '0', '2021-05-19', NULL, NULL, NULL),
('1394684708771729408', '4', '09:30', '10:30', '0', '4', '', '0', '2021-05-19', NULL, NULL, NULL),
('1394684709165993984', '1', '09:30', '10:30', '1', '4', '', '0', '2021-05-19', NULL, NULL, NULL),
('1394684709564452864', '2', '10:00', '11:00', '1', '4', '', '0', '2021-05-19', NULL, NULL, NULL),
('1394684709958717440', '5', '08:00', '09:00', '1', '4', '', '0', '2021-05-19', NULL, NULL, NULL),
('1394684710357176320', '6', '09:30', '10:30', '1', '4', '', '0', '2021-05-19', NULL, NULL, NULL),
('1394684710751440896', '3', '14:00', '15:00', '0', '4', '', '0', '2021-05-19', NULL, NULL, NULL),
('1394684711149899776', '4', '15:30', '16:30', '0', '4', '', '0', '2021-05-19', NULL, NULL, NULL),
('1394684711544164352', '7', '17:00', '18:00', '0', '4', '', '0', '2021-05-19', NULL, NULL, NULL),
('1394684711942623232', '5', '14:00', '15:00', '1', '4', '', '0', '2021-05-19', NULL, NULL, NULL),
('1394684712336887808', '6', '15:30', '16:30', '1', '4', '', '0', '2021-05-19', NULL, NULL, NULL),
('1394684712739540992', '8', '17:00', '18:00', '1', '4', '', '0', '2021-05-19', NULL, NULL, NULL),
('1394684713133805568', '7', '20:00', '21:00', '1', '4', '', '0', '2021-05-19', NULL, NULL, NULL),
('1394684713532264448', '8', '20:00', '21:00', '0', '4', '', '0', '2021-05-19', NULL, NULL, NULL),
('1394684713926529024', '8', '24:00', '24:30', '0', '4', '', '0', '2021-05-19', NULL, NULL, NULL);

INSERT INTO `sb_order` (`uuid`, `count_id`, `bus_status`, `seats_ids`, `count_price`, `order_price`, `order_time`, `user_id`, `order_status`, `evaluate_status`, `comment`, `order_user`, `updated_at`, `created_at`, `test_time`) VALUES
('100000', '777778', '0', '7', '4', '4', '2021-02-24 21:18:20', '4', '2', '0', '', '4', NULL, NULL, NULL),
('129551', '637509', '0', '2', '4', '4', '2021-02-27 16:00:34', '4', '3', '0', '', '4', NULL, NULL, NULL),
('134377', '242768', '0', '2', '4', '4', '2021-03-04 00:00:51', '4', '0', '0', '', '4', NULL, NULL, NULL),
('135573', '242768', '0', '2,3', '4', '8', '2021-03-03 23:58:04', '4', '2', '0', '', '4', NULL, NULL, NULL),
('154867', '526060', '0', '2', '4', '4', '2021-03-01 17:31:31', '4', '2', '0', '', '4', NULL, NULL, NULL),
('164540', '654458', '0', '4', '4', '4', '2021-03-01 11:11:18', '4', '3', '0', '', '4', NULL, NULL, NULL),
('167392', '507996', '0', '1', '4', '4', '2021-04-04 16:21:48', '4', '0', '0', '', '4', NULL, NULL, NULL),
('181560', '9999888', '0', '6', '4', '4', '2021-02-25 13:07:06', '4', '2', '0', '', '4', NULL, NULL, NULL),
('183500', '769935', '0', '1', '4', '4', '2021-04-02 11:23:35', '18', '2', '0', '', '18', NULL, NULL, NULL),
('186538', '533702', '0', '6', '4', '4', '2021-02-27 10:40:40', '4', '2', '0', '', '4', NULL, NULL, NULL),
('187751', '533702', '0', '6', '4', '4', '2021-02-27 10:41:38', '4', '1', '0', '', '4', NULL, NULL, NULL),
('200000', '777778', '0', '', '4', '4', '2021-02-24 22:04:02', '4', '2', '0', '', '4', NULL, NULL, NULL),
('201866', '533702', '0', '8', '4', '4', '2021-02-27 11:27:00', '4', '3', '0', '', '4', NULL, NULL, NULL),
('205043', '533702', '0', '6', '4', '4', '2021-02-27 10:52:40', '4', '1', '0', '', '4', NULL, NULL, NULL),
('232057', '921891', '0', '1', '4', '4', '2021-03-01 20:10:09', '4', '2', '0', '', '4', NULL, NULL, NULL),
('242180', '253862', '0', '1', '4', '4', '2021-02-26 11:30:32', '4', '1', '0', '', '4', NULL, NULL, NULL),
('248601', '533702', '0', '6', '4', '4', '2021-02-27 10:59:45', '4', '3', '0', '', '4', NULL, NULL, NULL),
('252010', '872781', '0', '1', '4', '4', '2021-02-26 17:18:11', '4', '2', '0', '', '4', NULL, NULL, NULL),
('262831', '533702', '0', '6', '4', '4', '2021-02-27 10:57:00', '4', '1', '0', '', '4', NULL, NULL, NULL),
('263479', '507996', '0', '1', '4', '4', '2021-04-04 16:11:21', '4', '2', '0', '', '4', NULL, NULL, NULL),
('263907', '872781', '0', '1', '4', '4', '2021-02-26 17:25:11', '4', '1', '0', '', '4', NULL, NULL, NULL),
('264518', '654458', '0', '1', '4', '4', '2021-03-01 11:11:08', '4', '2', '0', '', '4', NULL, NULL, NULL),
('281761', '533702', '0', '7', '4', '4', '2021-02-27 11:21:19', '4', '1', '0', '', '4', NULL, NULL, NULL),
('282890', '872781', '0', '1', '4', '4', '2021-02-26 17:30:48', '4', '0', '0', '', '4', NULL, NULL, NULL),
('300000', '777778', '0', '', '4', '4', '2021-02-24 22:05:44', '4', '2', '0', '', '4', NULL, NULL, NULL),
('300307', '251021', '0', '5', '4', '4', '2021-02-26 20:32:16', '4', '0', '0', '', '4', NULL, NULL, NULL),
('309188', '872781', '0', '1', '4', '4', '2021-02-26 17:20:56', '4', '2', '0', '', '4', NULL, NULL, NULL),
('342288', '872781', '0', '1', '4', '4', '2021-02-26 19:57:52', '4', '1', '0', '', '4', NULL, NULL, NULL),
('356568', '533702', '0', '3', '4', '4', '2021-02-27 10:26:07', '4', '0', '0', '', '4', NULL, NULL, NULL),
('367647', '872781', '0', '5', '4', '4', '2021-02-26 18:13:16', '4', '1', '0', '', '4', NULL, NULL, NULL),
('380194', '637509', '0', '1', '4', '4', '2021-02-27 15:59:35', '4', '0', '0', '', '4', NULL, NULL, NULL),
('386405', '921891', '0', '1', '4', '4', '2021-03-01 20:17:16', '4', '2', '0', '', '4', NULL, NULL, NULL),
('400000', '777778', '0', '', '4', '4', '2021-02-24 22:05:45', '4', '2', '0', '', '4', NULL, NULL, NULL),
('405938', '637509', '0', '3', '4', '4', '2021-02-27 16:00:24', '4', '2', '0', '', '4', NULL, NULL, NULL),
('406336', '507996', '0', '1', '4', '4', '2021-04-04 16:10:01', '4', '3', '0', '', '4', NULL, NULL, NULL),
('412789', '526060', '0', '1', '4', '4', '2021-03-01 18:11:51', '4', '0', '0', '', '4', NULL, NULL, NULL),
('435545', '872781', '0', '1', '4', '4', '2021-02-26 17:18:56', '4', '2', '0', '', '4', NULL, NULL, NULL),
('438004', '533702', '0', '6', '4', '4', '2021-02-27 10:41:10', '4', '2', '0', '', '4', NULL, NULL, NULL),
('458800', '330112', '0', '1', '4', '4', '2021-03-01 17:06:56', '4', '2', '0', '', '4', NULL, NULL, NULL),
('473381', '242768', '0', '1', '4', '4', '2021-03-03 20:23:54', '4', '3', '0', '', '4', NULL, NULL, NULL),
('483979', '242768', '0', '11', '4', '4', '2021-03-03 23:59:05', '4', '1', '0', '', '4', NULL, NULL, NULL),
('498511', '507996', '0', '1', '4', '4', '2021-04-04 16:21:43', '4', '0', '0', '', '4', NULL, NULL, NULL),
('500000', '777778', '0', '3', '4', '4', '2021-02-24 20:45:15', '4', '2', '0', '', '4', NULL, NULL, NULL),
('507420', '533702', '0', '2', '4', '4', '2021-02-27 10:16:36', '4', '2', '0', '', '4', NULL, NULL, NULL),
('514935', '654458', '0', '1', '4', '4', '2021-03-01 12:39:21', '4', '0', '0', '', '4', NULL, NULL, NULL),
('530237', '469979', '0', '1', '4', '4', '2021-04-04 16:10:44', '4', '3', '0', '', '4', NULL, NULL, NULL),
('532060', '872781', '0', '1', '4', '4', '2021-02-26 17:21:43', '4', '1', '0', '', '4', NULL, NULL, NULL),
('571240', '507996', '0', '2', '4', '4', '2021-04-04 16:35:56', '4', '2', '0', '', '4', NULL, NULL, NULL),
('581841', '533702', '0', '6', '4', '4', '2021-02-27 11:20:30', '4', '0', '0', '', '4', NULL, NULL, NULL),
('593526', '654458', '0', '5', '4', '4', '2021-03-01 11:11:00', '4', '2', '0', '', '4', NULL, NULL, NULL),
('595548', '251021', '0', '2', '4', '4', '2021-02-26 20:18:09', '4', '2', '0', '', '4', NULL, NULL, NULL),
('595588', '872781', '0', '3', '4', '4', '2021-02-26 17:36:23', '4', '2', '0', '', '4', NULL, NULL, NULL),
('596810', '507996', '0', '3,4,7,8,11,12', '4', '24', '2021-04-04 16:32:01', '18', '1', '0', '', '18', NULL, NULL, NULL),
('600000', '777778', '0', '', '4', '4', '2021-02-24 22:14:59', '4', '2', '0', '', '4', NULL, NULL, NULL),
('630461', '872781', '0', '1', '4', '4', '2021-02-26 19:58:49', '4', '1', '0', '', '4', NULL, NULL, NULL),
('635575', '242768', '0', '7', '4', '4', '2021-03-04 00:00:25', '4', '0', '0', '', '4', NULL, NULL, NULL),
('642358', '251021', '0', '4', '4', '4', '2021-02-26 20:18:30', '4', '2', '0', '', '4', NULL, NULL, NULL),
('647694', '361090', '0', '2,3', '4', '8', '2021-02-28 21:16:26', '4', '2', '0', '', '4', NULL, NULL, NULL),
('661953', '361090', '0', '1', '4', '4', '2021-02-28 21:14:59', '4', '3', '0', '', '4', NULL, NULL, NULL),
('662508', '872781', '0', '4', '4', '4', '2021-02-26 18:12:17', '4', '2', '0', '', '4', NULL, NULL, NULL),
('667756', '654458', '0', '1', '4', '4', '2021-03-01 11:11:56', '4', '2', '0', '', '4', NULL, NULL, NULL),
('667944', '769935', '0', '1', '4', '4', '2021-04-02 10:30:23', '4', '3', '0', '', '4', NULL, NULL, NULL),
('681108', '533702', '0', '4', '4', '4', '2021-02-27 10:26:29', '4', '2', '0', '', '4', NULL, NULL, NULL),
('689197', '9999888', '0', '5', '4', '4', '2021-02-25 13:05:40', '4', '1', '0', '', '4', NULL, NULL, NULL),
('702103', '251021', '0', '3', '4', '4', '2021-02-26 20:17:46', '4', '1', '0', '', '4', NULL, NULL, NULL),
('726150', '533702', '0', '6', '4', '4', '2021-02-27 10:54:52', '4', '1', '0', '', '4', NULL, NULL, NULL),
('731615', '507996', '0', '2', '4', '4', '2021-04-04 16:35:28', '4', '3', '0', '', '4', NULL, NULL, NULL),
('736321', '654458', '0', '2', '4', '4', '2021-03-01 11:11:35', '4', '3', '0', '', '4', NULL, NULL, NULL),
('745831', '242768', '0', '3', '4', '4', '2021-03-04 00:00:41', '4', '0', '0', '', '4', NULL, NULL, NULL),
('763268', '272072', '0', '1', '4', '4', '2021-02-26 15:51:11', '4', '0', '0', '', '4', NULL, NULL, NULL),
('774864', '654458', '0', '6', '4', '4', '2021-03-01 11:08:05', '18', '1', '0', '', '18', NULL, NULL, NULL),
('785818', '872781', '0', '2', '4', '4', '2021-02-26 17:52:25', '4', '2', '0', '', '4', NULL, NULL, NULL),
('800000', '777778', '0', '', '4', '4', '2021-02-24 22:15:01', '4', '2', '0', '', '4', NULL, NULL, NULL),
('841215', '469979', '0', '6', '4', '4', '2021-04-04 16:29:40', '4', '0', '0', '', '4', NULL, NULL, NULL),
('845745', '361090', '0', '1', '4', '4', '2021-02-28 21:17:09', '4', '3', '0', '', '4', NULL, NULL, NULL),
('848984', '251021', '0', '1', '4', '4', '2021-02-26 17:54:05', '4', '1', '0', '', '4', NULL, NULL, NULL),
('865469', '769935', '0', '1', '4', '4', '2021-04-02 11:15:42', '4', '3', '0', '', '4', NULL, NULL, NULL),
('872545', '654458', '0', '7', '4', '4', '2021-03-01 11:10:52', '4', '2', '0', '', '4', NULL, NULL, NULL),
('895026', '526060', '0', '1', '4', '4', '2021-03-01 18:10:07', '4', '2', '0', '', '4', NULL, NULL, NULL),
('900000', '777778', '0', '', '4', '4', '2021-02-24 22:15:03', '4', '2', '0', '', '4', NULL, NULL, NULL),
('908831', '507996', '0', '3', '4', '4', '2021-04-04 16:31:30', '18', '2', '0', '', '18', NULL, NULL, NULL),
('912081', '769935', '0', '1', '4', '4', '2021-04-02 11:27:03', '4', '2', '0', '', '4', NULL, NULL, NULL),
('914006', '654458', '0', '3', '4', '4', '2021-03-01 11:11:24', '4', '3', '0', '', '4', NULL, NULL, NULL),
('924859', '872781', '0', '1', '4', '4', '2021-02-26 17:21:22', '4', '1', '0', '', '4', NULL, NULL, NULL),
('937190', '272072', '0', '2', '4', '4', '2021-02-26 15:51:14', '4', '1', '0', '', '4', NULL, NULL, NULL),
('937228', '242768', '0', '1', '4', '4', '2021-03-03 23:57:01', '4', '3', '0', '', '4', NULL, NULL, NULL),
('942318', '533702', '0', '5', '4', '4', '2021-02-27 10:37:05', '4', '2', '0', '', '4', NULL, NULL, NULL),
('942557', '654458', '0', '2', '4', '4', '2021-03-01 10:54:51', '4', '3', '0', '', '4', NULL, NULL, NULL),
('946456', '242768', '0', '1', '4', '4', '2021-03-03 20:24:25', '4', '2', '0', '', '4', NULL, NULL, NULL),
('996736', '533702', '0', '7', '4', '4', '2021-02-27 11:21:03', '4', '3', '0', '', '4', NULL, NULL, NULL),
('997308', '526060', '0', '1', '4', '4', '2021-03-01 17:31:29', '4', '2', '0', '', '4', NULL, NULL, NULL),
('1234556', '88', '0', '2', '4', '4', '2020-11-08 21:58:18', '4', '1', '0', '', '4', NULL, NULL, NULL),
('828656090768998400', '2', '1', '1', '4', '4', '2021-04-05 15:43:28', '827270988935725056', '', '', '', 'gotest', '2021-04-05 15:43:28', '2021-04-05 15:43:28', NULL),
('1325445718558773248', '102', '0', '3,4', '4', '8', '2020-11-08 22:31:02', '4', '0', '0', '', 'feng', NULL, NULL, NULL),
('1325446551618850816', '102', '0', '3,4', '4', '8', '2020-11-08 22:34:42', '4', '0', '0', '', 'feng', NULL, NULL, NULL),
('1325446938035884032', '102', '0', '3,4', '4', '8', '2020-11-08 22:35:52', '4', '0', '0', '', 'feng', NULL, NULL, NULL),
('1325447295688380416', '102', '0', '3,4', '4', '8', '2020-11-08 22:37:17', '4', '0', '0', '', 'feng', NULL, NULL, NULL),
('1326438038548647936', '102', '0', '3,4', '4', '8', '2020-11-14 19:46:35', '4', '1', '0', '', 'feng', NULL, NULL, NULL),
('1326438486361903104', '102', '0', '3,4', '4', '8', '2020-11-14 19:46:35', '4', '1', '0', '', 'feng', NULL, NULL, NULL),
('1326439581461123072', '102', '0', '3,4', '4', '8', '2020-11-14 19:46:35', '4', '1', '0', '', 'feng', NULL, NULL, NULL),
('1326440653512642560', '102', '0', '3,4', '4', '8', '2020-11-14 19:46:35', '4', '1', '0', '', 'feng', NULL, NULL, NULL),
('1326466495575887872', '102', '0', '3,4', '4', '8', '2020-11-14 19:46:35', '4', '1', '0', '', 'feng', NULL, NULL, NULL),
('1326481700552839168', '102', '0', '3,4', '4', '8', '2020-11-14 19:46:35', '4', '1', '0', '', 'feng', NULL, NULL, NULL),
('1326486204736212992', '102', '0', '3,4', '4', '8', '2020-11-14 19:46:35', '4', '1', '0', '', 'feng', NULL, NULL, NULL),
('1326487198576545792', '102', '0', '3,4', '4', '8', '2020-11-14 19:46:35', '4', '1', '0', '', 'feng', NULL, NULL, NULL),
('1326488152164143104', '102', '0', '3,4', '4', '8', '2020-11-14 19:46:35', '4', '1', '0', '', 'feng', NULL, NULL, NULL),
('1326489349822484480', '102', '0', '3,4', '4', '8', '2020-11-14 19:46:35', '4', '1', '0', '', 'feng', NULL, NULL, NULL),
('1326489889813958656', '102', '0', '3,4', '4', '8', '2020-11-14 19:46:35', '4', '1', '0', '', 'feng', NULL, NULL, NULL),
('1326491014336221184', '102', '0', '3,4', '4', '8', '2020-11-14 19:46:35', '4', '1', '0', '', 'feng', NULL, NULL, NULL),
('1326491694543278080', '102', '0', '3,4', '4', '8', '2020-11-14 19:46:35', '4', '1', '0', '', 'feng', NULL, NULL, NULL),
('1326491762545528832', '102', '0', '3,4', '4', '8', '2020-11-14 19:46:35', '4', '1', '0', '', 'feng', NULL, NULL, NULL),
('1326495444200722432', '102', '0', '3,4', '4', '8', '2020-11-14 19:46:35', '4', '1', '0', '', 'feng', NULL, NULL, NULL),
('1326495924465307648', '102', '0', '3,4', '4', '8', '2020-11-14 19:46:35', '4', '1', '0', '', 'feng', NULL, NULL, NULL),
('1326497352281886720', '102', '0', '3,4', '4', '8', '2020-11-14 19:46:35', '4', '1', '0', '', 'feng', NULL, NULL, NULL),
('1326498359145533440', '102', '0', '3,4', '4', '8', '2020-11-14 19:46:35', '4', '1', '0', '', 'feng', NULL, NULL, NULL),
('1327576965762387968', '101', '0', '1', '4', '4', '2020-11-14 19:39:49', '4', '0', '0', '', '4', NULL, NULL, NULL),
('1327578299358121984', '101', '0', '3', '4', '4', '2020-11-14 19:45:14', '4', '1', '0', '', '4', NULL, NULL, NULL),
('1327854098615242752', '1327842604859133952', '0', '4', '4', '4', '2020-11-15 14:01:12', '4', '1', '0', '', '4', NULL, NULL, NULL),
('1327855656375554048', '1327842605282758656', '0', '2', '4', '4', '2020-11-15 14:07:21', '4', '1', '0', '', '4', NULL, NULL, NULL),
('1327856355796717568', '1327842605282758656', '0', '3', '4', '4', '2020-11-15 14:10:08', '4', '1', '0', '', '4', NULL, NULL, NULL),
('1328195856234582016', '1328005344605114368', '0', '11', '4', '4', '2020-11-16 12:44:05', '4', '2', '0', '', '4', NULL, NULL, NULL),
('1328195938455523328', '1328005344605114368', '0', '1', '4', '4', '2020-11-16 12:44:23', '4', '2', '0', '', '4', NULL, NULL, NULL),
('1328530352498675712', '1328367728620343296', '0', '3', '4', '4', '2020-11-17 10:53:15', '4', '2', '0', '', '4', NULL, NULL, NULL),
('1328734845437874176', '1328730117714874368', '0', '11,7,8', '4', '12', '2020-11-18 00:21:02', '4', '2', '0', '', '4', NULL, NULL, NULL),
('1329040484634595328', '1328730121401667584', '0', '1', '4', '4', '2020-11-18 20:35:30', '4', '1', '0', '', '4', NULL, NULL, NULL),
('1329366344633815040', '1329092509661532160', '0', '2', '4', '4', '2020-11-19 18:10:18', '4', '1', '0', '', '4', NULL, NULL, NULL),
('1329646573600247808', '1329454893945196544', '0', '10', '4', '4', '2020-11-20 12:43:52', '4', '2', '0', '', '4', NULL, NULL, NULL),
('1329714044738867200', '1329454897271279616', '0', '2,1', '4', '8', '2020-11-20 17:12:23', '4', '2', '0', '', '4', NULL, NULL, NULL),
('1329715917571100672', '1329454896818294784', '0', '1', '4', '4', '2020-11-20 17:19:35', '4', '2', '0', '', '4', NULL, NULL, NULL),
('1329720383816994816', '1329454896818294784', '0', '3', '4', '4', '2020-11-20 17:37:19', '4', '2', '0', '', '4', NULL, NULL, NULL),
('1329720519842467840', '1329454896818294784', '0', '4', '4', '4', '2020-11-20 17:37:35', '4', '2', '0', '', '4', NULL, NULL, NULL),
('1329971985563914240', '1329817281638830080', '0', '6', '4', '4', '2020-11-21 10:16:54', '4', '2', '0', '', '4', NULL, NULL, NULL),
('1330706219035398144', '1330542057495859200', '0', '6,2', '4', '8', '2020-11-23 10:54:35', '4', '2', '0', '', '4', NULL, NULL, NULL),
('1330706489865801728', '1330542057906900992', '0', '6,10,14,18', '4', '16', '2020-11-23 10:55:35', '4', '2', '0', '', '4', NULL, NULL, NULL),
('1330858032313274368', '1330542062193479680', '0', '2', '4', '4', '2020-11-23 20:57:43', '4', '2', '0', '', '4', NULL, NULL, NULL),
('1331127413488357376', '1330904445478899712', '0', '1', '4', '4', '2020-11-24 14:48:15', '4', '2', '0', '', '4', NULL, NULL, NULL),
('1331632611931590656', '1331629218055983104', '0', '2', '4', '4', '2020-11-26 00:15:40', '4', '1', '0', '', '4', NULL, NULL, NULL),
('1331787634917380096', '1331629218869678080', '0', '1,5', '4', '8', '2020-11-26 10:31:38', '4', '2', '0', '', '4', NULL, NULL, NULL),
('1331835343971946496', '1331629219750481920', '0', '3', '4', '4', '2020-11-26 13:41:11', '4', '1', '0', '', '4', NULL, NULL, NULL),
('1331835424217370624', '1331629219750481920', '0', '4', '4', '4', '2020-11-26 13:41:29', '4', '1', '0', '', '4', NULL, NULL, NULL),
('1331835506018881536', '1331629219750481920', '0', '2,6,7,8,12,9,11,13,15,16,18,10,19,17,14,5,1,20', '4', '72', '2020-11-26 13:41:48', '4', '1', '0', '', '4', NULL, NULL, NULL),
('1331849574779850752', '1331629221839245312', '0', '2', '4', '4', '2020-11-26 14:37:43', '4', '2', '0', '', '4', NULL, NULL, NULL),
('1331849622594916352', '1331629221839245312', '0', '2', '4', '4', '2020-11-26 14:38:07', '4', '2', '0', '', '4', NULL, NULL, NULL),
('1333021632687640576', '1332716385800949760', '0', '2,6,7', '4', '12', '2020-11-29 20:14:59', '4', '0', '0', '', '4', NULL, NULL, NULL),
('1333021748488179712', '1333021005005852672', '0', '16', '4', '4', '2020-11-29 20:15:26', '4', '0', '0', '', '4', NULL, NULL, NULL),
('1333237913693065216', '1333078775474294784', '0', '1', '4', '4', '2020-11-30 10:34:36', '4', '2', '0', '', '4', NULL, NULL, NULL),
('1333238009922981888', '1333078775474294784', '0', '2,6,10,14,18', '4', '20', '2020-11-30 10:34:55', '4', '2', '0', '', '4', NULL, NULL, NULL),
('1333246472954712064', '1333078773041598464', '0', '2,6,10', '4', '12', '2020-11-30 11:09:02', '4', '2', '0', '', '4', NULL, NULL, NULL),
('1333335412881625088', '1333078774664794112', '1', '7', '4', '4', '2020-11-30 17:01:58', '4', '2', '0', '', '4', NULL, NULL, NULL),
('1333335560504348672', '1333078774664794112', '1', '5,1,11,2,6,7,4,8', '4', '32', '2020-11-30 17:02:24', '4', '0', '0', '', '4', NULL, NULL, NULL),
('1333620388923576320', '1333441163537027072', '0', '5,6', '4', '8', '2020-12-01 11:54:19', '4', '1', '0', '', '4', NULL, NULL, NULL),
('1333724024504717312', '1333441167358038016', '1', '2,6,10', '4', '12', '2020-12-01 18:46:07', '4', '2', '0', '', '4', NULL, NULL, NULL),
('1333724076660887552', '1333441167358038016', '1', '2,6,10', '4', '12', '2020-12-01 18:46:27', '4', '2', '0', '', '4', NULL, NULL, NULL),
('1333724161981419520', '1333441167358038016', '1', '2,6,10', '4', '12', '2020-12-01 18:46:43', '4', '2', '0', '', '4', NULL, NULL, NULL),
('1333806142136127488', '1333803546872778752', '0', '1', '4', '4', '2020-12-02 00:12:28', '4', '2', '0', '', '4', NULL, NULL, NULL),
('1333938864863186944', '1333803548550500352', '0', '18,15,3,11,7,6,2', '4', '28', '2020-12-02 09:00:06', '4', '2', '0', '', '4', NULL, NULL, NULL),
('1334352871709347840', '1334165933865963520', '0', '1,10', '4', '8', '2020-12-03 12:24:50', '4', '0', '0', '', '4', NULL, NULL, NULL),
('1334352928244371456', '1334165933865963520', '0', '9', '4', '4', '2020-12-03 12:25:04', '4', '0', '0', '', '4', NULL, NULL, NULL),
('1343748435219714048', '1343588021299187712', '0', '14', '4', '4', '2020-12-29 10:44:29', '4', '2', '0', '', '4', NULL, NULL, NULL),
('1343748557643059200', '1343588021299187712', '0', '1', '4', '4', '2020-12-29 10:44:57', '4', '2', '0', '', '4', NULL, NULL, NULL),
('1344508203987243008', '1344312798552920064', '0', '2,6,10,14,18,17,13,9,5,1', '4', '40', '2020-12-31 13:03:31', '4', '2', '0', '', '4', NULL, NULL, NULL),
('1345189588657901568', '1345037572484763648', '0', '2', '4', '4', '2021-01-02 10:11:05', '4', '2', '0', '', '4', NULL, NULL, NULL),
('1345271682461470720', '1345037572904194048', '0', '1,2,3', '4', '12', '2021-01-02 15:32:38', '4', '2', '0', '', '4', NULL, NULL, NULL),
('1345393930652487680', '1345037575349473280', '0', '2', '4', '4', '2021-01-02 23:38:46', '4', '2', '0', '', '4', NULL, NULL, NULL),
('1345394147871297536', '1345037575349473280', '0', '3', '4', '4', '2021-01-02 23:43:56', '4', '2', '0', '', '4', NULL, NULL, NULL),
('1347447618648805376', '1347211899988742144', '0', '3', '4', '4', '2021-01-08 15:43:42', '4', '2', '0', '', '4', NULL, NULL, NULL),
('1347901465666129920', '1347574290387701760', '0', '1,5,9,2,6', '4', '20', '2021-01-09 21:47:07', '4', '2', '0', '', '4', NULL, NULL, NULL),
('1348578062593298432', '1348299065833689088', '0', '2,3,7,6', '4', '16', '2021-01-11 18:30:56', '4', '2', '0', '', '4', NULL, NULL, NULL),
('1348578236224901120', '1348299065833689088', '0', '3', '4', '4', '2021-01-11 18:32:01', '4', '2', '0', '', '4', NULL, NULL, NULL),
('1348833140579373056', '1348661451497279488', '0', '2,6', '4', '8', '2021-01-12 11:29:17', '4', '2', '0', '', '4', NULL, NULL, NULL),
('1348833215783243776', '1348661452302585856', '0', '2', '4', '4', '2021-01-12 11:29:34', '4', '2', '0', '', '4', NULL, NULL, NULL),
('1348858774093434880', '1348661451899932672', '0', '3', '4', '4', '2021-01-12 13:11:07', '4', '2', '0', '', '4', NULL, NULL, NULL),
('1349557770034221056', '1349386226771300352', '0', '1', '4', '4', '2021-01-14 11:28:42', '4', '2', '0', '', '4', NULL, NULL, NULL),
('1349590422468562944', '1349386226276372480', '0', '3', '4', '4', '2021-01-14 13:38:26', '4', '2', '0', '', '4', NULL, NULL, NULL),
('1350851145328889856', '1350835777281593344', '0', '6,10', '4', '8', '2021-01-18 01:03:06', '4', '0', '0', '', '4', NULL, NULL, NULL),
('1351380955486621696', '1351198165612761088', '0', '2', '4', '4', '2021-01-19 12:09:03', '4', '1', '0', '', '4', NULL, NULL, NULL),
('1364593468697088000', '66666655', '0', '11', '4', '4', '2021-02-24 23:26:52', '4', '1', '0', '', '4', NULL, NULL, NULL),
('1364597920711708672', '66666655', '0', '20', '4', '4', '2021-02-24 23:27:52', '4', '0', '0', '', '4', NULL, NULL, NULL),
('1364600324895150080', '66666655', '0', '10', '4', '4', '2021-02-24 23:37:26', '4', '0', '0', '', '4', NULL, NULL, NULL),
('1364600878723633152', '66666655', '0', '14', '4', '4', '2021-02-24 23:39:38', '4', '0', '0', '', '4', NULL, NULL, NULL),
('1364776585118486528', '9999888', '0', '1', '4', '4', '2021-02-25 11:17:50', '4', '0', '0', '', '4', NULL, NULL, NULL),
('1364780184099753984', '9999888', '0', '2', '4', '4', '2021-02-25 11:32:08', '4', '0', '0', '', '4', NULL, NULL, NULL),
('1364781328666595328', '9999888', '0', '3', '4', '4', '2021-02-25 11:36:41', '4', '0', '0', '', '4', NULL, NULL, NULL),
('1364781608334397440', '9999888', '0', '4', '4', '4', '2021-02-25 11:37:47', '4', '0', '0', '', '4', NULL, NULL, NULL),
('1385255753434140672', '1384900241056206848', '0', '1', '4', '4', '2021-04-22 23:34:44', '4', '2', '0', '', '4', NULL, NULL, NULL),
('1385255822761791488', '1384900241056206848', '0', '3', '4', '4', '2021-04-22 23:35:00', '4', '2', '0', '', '4', NULL, NULL, NULL),
('1385638564292857856', '1385625010441424896', '0', '7', '4', '4', '2021-04-24 00:55:54', '4', '2', '0', '', '4', NULL, NULL, NULL),
('1385638627861729280', '1385625010441424896', '0', '6', '4', '4', '2021-04-24 00:56:07', '4', '2', '0', '', '4', NULL, NULL, NULL),
('1385638894334251008', '1385625010441424896', '0', '11', '4', '4', '2021-04-24 00:57:11', '4', '2', '0', '', '4', NULL, NULL, NULL),
('1385639683438022656', '1385625010441424896', '0', '10', '4', '4', '2021-04-24 01:00:19', '4', '3', '0', '', '4', NULL, NULL, NULL),
('1385822864426536960', '1385625011414503424', '0', '3', '4', '4', '2021-04-24 13:08:13', '4', '3', '0', '', '4', NULL, NULL, NULL),
('1385831770833948672', '1385625011414503424', '0', '2', '4', '4', '2021-04-24 13:43:36', '4', '1', '0', '', '4', NULL, NULL, NULL),
('1385833611814637568', '1385625011414503424', '0', '2', '4', '4', '2021-04-24 13:50:55', '4', '2', '0', '', '4', NULL, NULL, NULL),
('1385849789614264320', '1385625011804573696', '0', '10', '4', '4', '2021-04-24 14:55:12', '4', '2', '0', '', '4', NULL, NULL, NULL),
('1386964730400346112', '1386712177901178880', '0', '2', '4', '4', '2021-04-27 16:45:36', '4', '2', '0', '', '4', NULL, NULL, NULL),
('1386964805352558592', '1386712177901178880', '0', '3', '4', '4', '2021-04-27 16:45:53', '4', '1', '0', '', '4', NULL, NULL, NULL),
('1386965009384476672', '1386712177901178880', '0', '4', '4', '4', '2021-04-27 16:46:41', '4', '1', '0', '', '4', NULL, NULL, NULL),
('1386965118063087616', '1386712177901178880', '0', '1', '4', '4', '2021-04-27 16:47:07', '4', '2', '0', '', '4', NULL, NULL, NULL),
('1387005568916525056', '1386712179880890368', '0', '1', '4', '4', '2021-04-27 19:27:51', '4', '3', '0', '', '4', NULL, NULL, NULL),
('1387006375141445632', '1386712179880890368', '0', '2,3', '4', '8', '2021-04-27 19:31:04', '4', '3', '0', '', '4', NULL, NULL, NULL),
('1387006765454987264', '1386712179880890368', '0', '6', '4', '4', '2021-04-27 19:32:37', '4', '2', '0', '', '4', NULL, NULL, NULL),
('1387033205323993088', '1386712180287737856', '0', '2', '4', '4', '2021-04-27 21:17:40', '4', '3', '0', '', '4', NULL, NULL, NULL),
('1390200724255805440', '1389973667978547200', '0', '2', '4', '4', '2021-05-06 15:04:17', '4', '0', '0', '', '4', NULL, NULL, NULL),
('1390200854304395264', '1389973667978547200', '0', '9', '4', '4', '2021-05-06 15:04:47', '4', '0', '0', '', '4', NULL, NULL, NULL),
('1390490246382227456', '1390336055332442112', '0', '18', '4', '4', '2021-05-07 10:14:44', '4', '2', '0', '', '4', NULL, NULL, NULL),
('1390490542927908864', '1390336058645942272', '0', '19', '4', '4', '2021-05-07 10:15:54', '4', '0', '0', '', '4', NULL, NULL, NULL),
('1392690248571555840', '1392510382077251584', '0', '2', '4', '4', '2021-05-13 11:56:45', '4', '1', '0', '', '4', NULL, NULL, NULL),
('1392809654031093760', '1392510384828715008', '0', '2', '4', '4', '2021-05-13 19:51:14', '4', '1', '0', '', '4', NULL, NULL, NULL),
('1392810225807003648', '1392510384828715008', '0', '1', '4', '4', '2021-05-13 19:53:29', '4', '1', '0', '', '4', NULL, NULL, NULL),
('1393837726985490432', '1393597551344750592', '0', '2', '4', '4', '2021-05-16 15:56:26', '4', '0', '0', '', '4', NULL, NULL, NULL),
('1394484744384811008', '1394322323254939648', '0', '1', '4', '4', '2021-05-18 10:47:27', '4', '0', '0', '', '4', NULL, NULL, NULL),
('1394626535222284288', '1394322326375501824', '0', '14', '4', '4', '2021-05-18 20:10:52', '4', '2', '0', '', '4', NULL, NULL, NULL);

INSERT INTO `sb_user` (`uuid`, `user_name`, `user_pwd`, `nick_name`, `user_sex`, `email`, `user_phone`, `begin_time`, `update_time`, `money`, `pay_password`, `created_at`, `updated_at`, `deleted_at`) VALUES
('2', 'admin', '0192023a7bbd73250516f069df18b500', '隔壁泰山', '0', 'admin@qq.com', '13888888888', '2020-02-25 20:35:51', '2020-02-26 09:35:51', '0', '', NULL, NULL, NULL),
('3', 'jiangzh', '5e2de6bd1c9b50f6e27d4e55da43b917', '阿里郎', '0', 'jiangzh@qq.com', '13866666666', '2020-02-25 20:35:51', '2020-02-26 09:35:51', '0', '', NULL, NULL, NULL),
('4', 'mai', '202cb962ac59075b964b07152d234b70', '112', '1', '1595947@qq.com', '18438747368', '2020-02-26 16:10:39', '2021-05-14 03:42:57', '1e102', 'fgggghdsesgdhhhhhhhhhhhhhrsewhhhhhhhhhhhhhht', NULL, NULL, NULL),
('18', 'feng', '202cb962ac59075b964b07152d234b70', 'kun1', '1', '123@qq.com', '123', '2020-02-28 19:58:45', '2021-04-04 16:32:01', '9976.5', '123456', NULL, NULL, NULL),
('827270988935725056', 'gotest', '$2a$10$3V7RTfHD9O1fhFRKFJ1Dcu2U1qlnYowWFxCxE.xnqiHbF/7mx8s.y', '', '0', 'abcd@123.com', '1000', '0000-00-00 00:00:00', '2021-04-01 19:59:34', '0', '', '2021-04-01 19:59:34', '2021-04-01 19:59:34', NULL),
('827274900958871552', 'gotest1', '$2a$10$vH6PI3HpleXkfPlq0rcvJO8GW61AVnZjYLH5JBFxx0ebUMckzHuYe', '', '0', 'abcd@123.com', '1000', '0000-00-00 00:00:00', '2021-04-01 20:15:06', '0', '', '2021-04-01 20:15:06', '2021-04-01 20:15:06', NULL),
('1323530467558817794', 'laxiba3', '202cb962ac59075b964b07152d234b70', '', NULL, 'mai@qq.com', '1000', '2020-11-03 07:40:28', '2020-11-03 15:40:29', '0', '123456', NULL, NULL, NULL),
('1329205416181211138', 'haha', '202cb962ac59075b964b07152d234b70', '', NULL, '123@qq.com', '123', '2020-11-18 23:30:41', '2020-11-19 07:30:41', '0', '', NULL, NULL, NULL),
('1341282821389688834', 'demoData', 'ee03a63755efe1c128765c7b36ac3124', '', NULL, 'demoData', 'demoData', '2020-12-22 07:21:59', '2020-12-22 15:21:58', '0', '123456', NULL, NULL, NULL),
('1348884127237865474', '88', '7fa8282ad93047a4d6fe6111c93b308a', '', NULL, 'cyofgh90841@chacuo.net', '18370098077', '2021-01-12 06:46:52', '2021-01-12 14:46:52', '0', '', NULL, NULL, NULL),
('1364578748174774273', '222', 'f51ada2ca0320348d5c1471269c173e8', '', NULL, '194712232', '18370098079', '2021-02-24 14:11:40', '2021-02-24 22:11:41', '0', '123456', NULL, NULL, NULL);



/*!40101 SET SQL_MODE=@OLD_SQL_MODE */;
/*!40014 SET FOREIGN_KEY_CHECKS=@OLD_FOREIGN_KEY_CHECKS */;
/*!40014 SET UNIQUE_CHECKS=@OLD_UNIQUE_CHECKS */;
/*!40101 SET CHARACTER_SET_CLIENT=@OLD_CHARACTER_SET_CLIENT */;
/*!40101 SET CHARACTER_SET_RESULTS=@OLD_CHARACTER_SET_RESULTS */;
/*!40101 SET COLLATION_CONNECTION=@OLD_COLLATION_CONNECTION */;
/*!40111 SET SQL_NOTES=@OLD_SQL_NOTES */;